customer_id,tenure,monthly_charges,total_charges,num_support_tickets,avg_monthly_usage,contract_type,payment_method,churn
CUST-000000,6,26.21,154.85,2,354,two_year,auto_pay,0
CUST-000001,56,65.83,3654.84,1,315,one_year,bank_transfer,0
CUST-000002,47,32.9,1478.37,2,400,monthly,auto_pay,0
CUST-000003,32,35.23,1077.42,0,473,two_year,bank_transfer,0
CUST-000004,31,83.23,2690.95,1,202,monthly,bank_transfer,1
CUST-000005,62,59.29,3762.62,3,334,monthly,bank_transfer,0
CUST-000006,6,112.19,715.26,2,255,one_year,mailed_check,0
CUST-000007,50,51.92,2546.71,1,477,monthly,credit_card,0
CUST-000008,14,92.62,1324.35,2,183,monthly,credit_card,1
CUST-000009,6,66.11,427.88,1,101,monthly,credit_card,0
CUST-000010,38,86.0,3497.63,0,195,monthly,auto_pay,0
CUST-000011,71,79.97,6154.84,2,313,one_year,auto_pay,0
CUST-000012,53,67.28,3401.08,2,477,monthly,auto_pay,0
CUST-000013,55,115.01,6939.66,1,416,monthly,credit_card,1
CUST-000014,52,54.27,3000.61,3,18,monthly,mailed_check,0
CUST-000015,57,37.72,2276.81,0,259,monthly,mailed_check,0
CUST-000016,37,87.81,3357.86,2,87,monthly,mailed_check,0
CUST-000017,9,104.6,1032.39,4,187,two_year,mailed_check,0
CUST-000018,61,24.03,1448.7,2,472,one_year,bank_transfer,0
CUST-000019,32,64.96,2179.14,1,492,monthly,auto_pay,1
CUST-000020,36,109.25,4089.38,3,85,one_year,bank_transfer,0
CUST-000021,27,94.96,2682.93,1,79,monthly,auto_pay,0
CUST-000022,13,119.18,1627.26,0,351,monthly,bank_transfer,0
CUST-000023,67,73.14,4597.3,1,211,monthly,auto_pay,0
CUST-000024,57,86.0,4754.01,1,222,monthly,mailed_check,0
CUST-000025,47,50.25,2310.86,2,437,one_year,auto_pay,0
CUST-000026,29,114.75,3492.81,1,461,two_year,mailed_check,0
CUST-000027,60,56.63,3544.75,2,451,monthly,mailed_check,0
CUST-000028,39,93.85,3904.18,5,393,monthly,credit_card,0
CUST-000029,32,60.31,2041.28,2,490,one_year,mailed_check,0
CUST-000030,32,76.18,2484.58,0,362,monthly,mailed_check,0
CUST-000031,16,91.98,1365.7,0,443,monthly,bank_transfer,1
CUST-000032,6,70.89,436.86,3,274,two_year,auto_pay,0
CUST-000033,40,110.71,4771.21,0,34,one_year,auto_pay,0
CUST-000034,64,61.93,4077.01,3,410,two_year,mailed_check,0
CUST-000035,4,84.71,365.65,4,465,monthly,mailed_check,0
CUST-000036,62,54.24,3698.53,0,163,monthly,credit_card,0
CUST-000037,60,60.82,3546.44,1,219,monthly,credit_card,0
CUST-000038,20,64.01,1337.37,0,290,two_year,credit_card,0
CUST-000039,46,32.58,1510.66,1,329,monthly,auto_pay,0
CUST-000040,12,29.17,346.89,4,340,monthly,mailed_check,1
CUST-000041,55,86.75,4523.02,1,203,monthly,auto_pay,0
CUST-000042,51,85.55,4141.33,2,428,one_year,credit_card,0
CUST-000043,25,86.29,2021.33,2,408,one_year,auto_pay,0
CUST-000044,4,21.98,90.23,1,471,one_year,bank_transfer,0
CUST-000045,70,52.65,3421.66,1,292,monthly,bank_transfer,0
CUST-000046,32,39.78,1255.49,1,47,one_year,mailed_check,0
CUST-000047,65,97.82,6387.97,1,424,monthly,bank_transfer,1
CUST-000048,49,106.06,5132.74,1,48,monthly,auto_pay,0
CUST-000049,56,44.67,2679.09,0,104,monthly,credit_card,1
CUST-000050,55,86.78,4718.65,1,149,monthly,bank_transfer,0
CUST-000051,14,32.94,422.68,4,100,monthly,auto_pay,0
CUST-000052,26,47.52,1357.14,0,364,two_year,auto_pay,0
CUST-000053,34,33.87,1231.04,3,225,monthly,mailed_check,1
CUST-000054,36,48.35,1796.31,2,117,monthly,bank_transfer,0
CUST-000055,3,87.47,275.86,0,12,one_year,mailed_check,0
CUST-000056,39,111.03,4008.17,1,116,one_year,mailed_check,0
CUST-000057,11,40.25,466.3,5,349,monthly,bank_transfer,0
CUST-000058,54,74.21,3773.11,0,399,one_year,credit_card,0
CUST-000059,49,90.14,4407.12,1,155,monthly,bank_transfer,1
CUST-000060,67,115.29,7226.95,0,45,monthly,auto_pay,0
CUST-000061,54,81.01,4596.58,0,283,one_year,mailed_check,0
CUST-000062,26,45.51,1123.13,1,393,one_year,auto_pay,0
CUST-000063,70,82.55,5493.28,0,44,monthly,auto_pay,0
CUST-000064,29,52.05,1391.48,4,399,monthly,credit_card,1
CUST-000065,23,117.61,2824.38,3,93,monthly,auto_pay,1
CUST-000066,66,59.97,3796.41,0,136,monthly,mailed_check,0
CUST-000067,27,88.54,2399.32,0,315,two_year,bank_transfer,0
CUST-000068,5,22.32,107.86,5,35,monthly,mailed_check,0
CUST-000069,34,60.01,2152.44,0,159,two_year,credit_card,0
CUST-000070,58,107.51,5894.47,2,78,monthly,mailed_check,0
CUST-000071,13,81.02,1146.12,2,115,one_year,mailed_check,0
CUST-000072,33,64.39,2048.94,1,388,monthly,auto_pay,0
CUST-000073,9,113.59,941.31,0,122,monthly,auto_pay,1
CUST-000074,50,105.4,4996.28,0,31,monthly,mailed_check,1
CUST-000075,34,52.22,1624.19,2,115,monthly,bank_transfer,0
CUST-000076,24,74.45,1775.63,1,52,two_year,credit_card,1
CUST-000077,16,68.98,1048.55,0,315,one_year,mailed_check,1
CUST-000078,41,83.22,3675.46,3,486,one_year,credit_card,1
CUST-000079,48,53.41,2572.46,1,92,monthly,auto_pay,0
CUST-000080,68,44.42,2859.48,0,367,one_year,bank_transfer,0
CUST-000081,31,111.27,3415.75,6,187,one_year,mailed_check,1
CUST-000082,11,112.39,1161.12,0,45,one_year,mailed_check,0
CUST-000083,60,104.33,5857.58,0,347,one_year,bank_transfer,1
CUST-000084,45,117.82,5090.52,0,112,one_year,auto_pay,0
CUST-000085,51,94.5,4441.94,0,261,monthly,bank_transfer,0
CUST-000086,7,96.47,633.24,2,258,two_year,bank_transfer,1
CUST-000087,22,96.26,2303.25,1,302,monthly,mailed_check,1
CUST-000088,56,68.06,3938.51,2,76,monthly,bank_transfer,0
CUST-000089,60,65.65,4270.74,1,132,two_year,mailed_check,0
CUST-000090,31,44.02,1298.26,1,371,monthly,auto_pay,0
CUST-000091,58,84.48,5249.7,2,467,monthly,mailed_check,0
CUST-000092,61,48.93,2902.51,2,15,monthly,auto_pay,0
CUST-000093,28,45.78,1190.62,2,212,monthly,mailed_check,0
CUST-000094,65,78.6,5420.35,0,441,two_year,bank_transfer,0
CUST-000095,21,61.0,1168.18,1,150,one_year,bank_transfer,0
CUST-000096,17,41.89,698.58,0,229,monthly,bank_transfer,0
CUST-000097,49,101.61,5296.86,0,453,two_year,credit_card,0
CUST-000098,46,106.06,4993.1,2,484,one_year,credit_card,0
CUST-000099,10,36.77,369.03,2,331,two_year,bank_transfer,0
CUST-000100,60,20.75,1208.55,2,350,monthly,mailed_check,0
CUST-000101,14,53.61,686.75,1,310,monthly,mailed_check,1
CUST-000102,58,99.75,6353.6,4,148,monthly,auto_pay,0
CUST-000103,0,103.92,0.0,1,444,monthly,bank_transfer,1
CUST-000104,58,33.83,1866.12,0,26,one_year,auto_pay,0
CUST-000105,57,97.43,5260.19,1,38,monthly,mailed_check,1
CUST-000106,56,31.57,1912.16,1,304,monthly,credit_card,1
CUST-000107,48,59.01,2981.86,0,420,one_year,mailed_check,1
CUST-000108,34,119.86,4040.46,0,408,monthly,mailed_check,0
CUST-000109,51,39.26,2184.64,1,342,monthly,mailed_check,1
CUST-000110,20,35.4,644.67,1,194,one_year,credit_card,0
CUST-000111,56,62.28,3762.28,1,186,two_year,mailed_check,0
CUST-000112,40,81.97,2990.55,2,218,monthly,auto_pay,1
CUST-000113,33,113.29,3657.17,4,135,two_year,auto_pay,0
CUST-000114,36,118.08,3871.71,2,215,one_year,credit_card,0
CUST-000115,41,26.96,1215.67,1,61,one_year,bank_transfer,0
CUST-000116,2,33.8,73.2,1,166,monthly,bank_transfer,1
CUST-000117,10,99.07,1007.5,1,471,one_year,mailed_check,0
CUST-000118,17,47.06,754.87,0,356,one_year,bank_transfer,0
CUST-000119,8,108.48,829.1,2,79,monthly,credit_card,1
CUST-000120,32,86.35,2735.32,0,150,two_year,mailed_check,0
CUST-000121,48,31.18,1443.59,1,137,two_year,credit_card,0
CUST-000122,47,103.25,4388.16,2,148,monthly,mailed_check,0
CUST-000123,34,37.64,1319.75,3,348,one_year,mailed_check,0
CUST-000124,62,62.35,3953.4,1,448,monthly,bank_transfer,0
CUST-000125,41,75.22,3333.4,2,357,one_year,auto_pay,0
CUST-000126,5,70.08,348.78,2,249,one_year,mailed_check,1
CUST-000127,55,88.62,4722.72,0,88,monthly,auto_pay,0
CUST-000128,41,85.27,3504.12,0,80,monthly,auto_pay,0
CUST-000129,46,119.2,5148.39,1,408,monthly,credit_card,0
CUST-000130,41,119.94,5041.01,4,342,two_year,auto_pay,0
CUST-000131,40,71.65,3020.78,0,260,monthly,auto_pay,0
CUST-000132,6,29.52,164.84,1,292,two_year,auto_pay,0
CUST-000133,40,92.78,3576.4,0,425,monthly,mailed_check,0
CUST-000134,58,117.67,7326.9,1,408,monthly,mailed_check,0
CUST-000135,22,51.83,1141.52,3,52,two_year,auto_pay,0
CUST-000136,44,66.12,2927.8,3,203,one_year,bank_transfer,0
CUST-000137,2,62.48,130.52,0,30,monthly,bank_transfer,0
CUST-000138,25,25.14,638.29,2,198,monthly,credit_card,0
CUST-000139,31,87.23,2471.35,1,322,monthly,auto_pay,0
CUST-000140,71,55.33,4167.25,1,112,monthly,bank_transfer,0
CUST-000141,15,98.75,1606.52,2,83,monthly,mailed_check,0
CUST-000142,20,103.21,1879.77,2,250,one_year,mailed_check,1
CUST-000143,29,102.12,2737.15,0,267,monthly,mailed_check,1
CUST-000144,72,61.67,4619.6,3,359,monthly,mailed_check,0
CUST-000145,62,52.15,3300.86,2,16,monthly,bank_transfer,1
CUST-000146,2,94.88,185.3,0,131,monthly,bank_transfer,0
CUST-000147,17,100.14,1715.74,0,392,two_year,auto_pay,0
CUST-000148,59,69.13,4244.54,1,344,monthly,bank_transfer,0
CUST-000149,4,109.3,437.59,1,450,monthly,bank_transfer,1
CUST-000150,62,34.39,1978.74,2,409,one_year,auto_pay,0
CUST-000151,20,107.91,1980.98,1,421,two_year,bank_transfer,1
CUST-000152,66,29.61,1930.36,2,260,one_year,mailed_check,0
CUST-000153,21,35.35,805.14,2,479,one_year,credit_card,0
CUST-000154,31,73.38,2301.07,0,213,two_year,bank_transfer,0
CUST-000155,48,26.75,1247.59,2,452,one_year,auto_pay,0
CUST-000156,9,25.28,246.12,1,202,two_year,mailed_check,0
CUST-000157,40,20.05,784.14,1,227,monthly,auto_pay,0
CUST-000158,36,63.63,2294.87,0,345,one_year,credit_card,0
CUST-000159,57,97.46,5129.13,3,205,two_year,bank_transfer,0
CUST-000160,72,23.48,1770.83,3,82,two_year,mailed_check,0
CUST-000161,48,85.23,4254.93,3,449,monthly,bank_transfer,1
CUST-000162,29,102.31,3141.59,1,231,one_year,bank_transfer,0
CUST-000163,29,36.8,1029.89,2,464,monthly,credit_card,0
CUST-000164,30,34.69,1027.39,2,205,one_year,auto_pay,0
CUST-000165,59,106.08,5843.57,0,486,monthly,credit_card,1
CUST-000166,23,102.31,2571.74,2,305,one_year,bank_transfer,0
CUST-000167,12,73.89,813.28,5,386,one_year,auto_pay,1
CUST-000168,24,101.92,2518.98,1,380,monthly,mailed_check,1
CUST-000169,1,29.28,30.48,0,108,monthly,credit_card,1
CUST-000170,7,59.45,387.66,1,409,monthly,bank_transfer,0
CUST-000171,6,93.78,547.52,1,473,one_year,credit_card,0
CUST-000172,56,45.75,2327.9,1,333,one_year,bank_transfer,0
CUST-000173,52,95.23,5008.02,2,474,one_year,mailed_check,0
CUST-000174,50,70.42,3869.54,3,424,monthly,bank_transfer,0
CUST-000175,33,95.03,3092.01,1,336,one_year,bank_transfer,0
CUST-000176,52,66.47,3795.18,1,243,one_year,bank_transfer,0
CUST-000177,11,56.79,577.99,4,430,monthly,mailed_check,1
CUST-000178,65,41.92,2666.19,2,100,monthly,auto_pay,0
CUST-000179,36,40.84,1588.44,1,284,monthly,auto_pay,0
CUST-000180,68,95.15,6957.66,1,409,monthly,mailed_check,0
CUST-000181,11,31.89,338.41,1,472,monthly,auto_pay,0
CUST-000182,36,28.6,1066.38,0,140,monthly,auto_pay,0
CUST-000183,50,37.63,2026.81,0,56,monthly,auto_pay,0
CUST-000184,36,37.53,1423.19,2,173,monthly,auto_pay,0
CUST-000185,32,102.31,3358.04,2,433,monthly,credit_card,0
CUST-000186,12,59.85,668.3,3,266,one_year,bank_transfer,0
CUST-000187,27,119.04,2939.6,0,37,monthly,mailed_check,0
CUST-000188,17,33.72,586.38,4,68,monthly,credit_card,1
CUST-000189,22,85.35,1877.8,3,176,one_year,mailed_check,0
CUST-000190,49,64.87,3012.09,1,177,monthly,auto_pay,0
CUST-000191,46,59.29,2614.3,2,76,monthly,bank_transfer,1
CUST-000192,44,107.51,4628.34,2,252,monthly,credit_card,1
CUST-000193,26,117.56,3053.82,2,244,monthly,mailed_check,1
CUST-000194,70,107.29,7345.46,2,107,one_year,credit_card,0
CUST-000195,6,39.23,230.07,3,123,monthly,auto_pay,0
CUST-000196,25,42.08,971.15,4,335,monthly,credit_card,1
CUST-000197,8,85.61,734.96,2,476,one_year,mailed_check,1
CUST-000198,24,48.91,1199.47,2,498,two_year,credit_card,0
CUST-000199,70,93.47,6079.8,2,284,monthly,mailed_check,0
CUST-000200,26,76.64,1962.3,3,28,monthly,auto_pay,1
CUST-000201,66,75.09,4873.39,2,449,monthly,credit_card,1
CUST-000202,36,102.85,3777.11,0,475,one_year,auto_pay,1
CUST-000203,51,91.05,4744.66,3,146,one_year,mailed_check,0
CUST-000204,33,22.66,769.5,2,206,one_year,credit_card,0
CUST-000205,19,24.95,492.81,7,22,monthly,mailed_check,0
CUST-000206,55,80.16,4059.05,2,402,monthly,mailed_check,0
CUST-000207,70,68.62,4615.99,1,390,one_year,auto_pay,0
CUST-000208,19,46.02,789.98,1,20,monthly,bank_transfer,1
CUST-000209,56,61.87,3433.29,1,354,two_year,credit_card,0
CUST-000210,19,95.79,1794.32,0,211,monthly,bank_transfer,0
CUST-000211,52,102.66,5588.5,2,277,monthly,mailed_check,0
CUST-000212,57,76.12,4049.97,0,116,monthly,auto_pay,0
CUST-000213,32,58.54,1922.55,1,409,monthly,auto_pay,0
CUST-000214,53,47.07,2398.26,2,208,one_year,mailed_check,0
CUST-000215,19,72.19,1339.22,1,421,monthly,bank_transfer,1
CUST-000216,5,51.47,268.64,2,82,one_year,credit_card,0
CUST-000217,7,76.41,489.04,1,298,one_year,mailed_check,0
CUST-000218,32,87.67,2717.23,1,161,two_year,auto_pay,0
CUST-000219,65,26.61,1692.06,2,483,one_year,auto_pay,0
CUST-000220,9,20.11,188.8,3,282,two_year,auto_pay,0
CUST-000221,33,41.23,1278.74,1,362,two_year,mailed_check,0
CUST-000222,51,109.45,6081.44,4,52,monthly,mailed_check,0
CUST-000223,14,84.63,1302.77,3,341,two_year,auto_pay,0
CUST-000224,52,37.2,2057.78,5,59,two_year,mailed_check,0
CUST-000225,22,109.03,2302.58,1,187,monthly,bank_transfer,1
CUST-000226,59,67.0,4082.55,1,119,one_year,auto_pay,0
CUST-000227,42,67.61,2602.88,1,11,monthly,mailed_check,1
CUST-000228,39,113.55,4757.29,1,297,one_year,credit_card,0
CUST-000229,12,25.95,312.4,1,128,monthly,auto_pay,1
CUST-000230,33,41.52,1281.49,3,261,one_year,auto_pay,1
CUST-000231,62,78.58,4703.8,3,384,monthly,auto_pay,1
CUST-000232,1,39.55,41.93,2,97,one_year,mailed_check,0
CUST-000233,55,87.95,5195.43,2,357,monthly,bank_transfer,0
CUST-000234,35,41.41,1455.06,0,155,one_year,credit_card,0
CUST-000235,52,29.92,1549.71,5,172,monthly,credit_card,0
CUST-000236,48,40.7,2051.57,0,292,one_year,mailed_check,1
CUST-000237,31,62.27,2056.3,1,316,monthly,auto_pay,0
CUST-000238,22,37.61,871.25,1,331,monthly,auto_pay,1
CUST-000239,45,33.47,1471.34,0,105,monthly,bank_transfer,0
CUST-000240,10,106.03,1090.4,1,294,two_year,bank_transfer,0
CUST-000241,42,52.04,2341.89,1,139,monthly,mailed_check,0
CUST-000242,6,56.08,313.04,1,145,one_year,auto_pay,1
CUST-000243,47,25.53,1173.06,3,474,monthly,mailed_check,0
CUST-000244,45,55.74,2285.87,0,59,one_year,mailed_check,0
CUST-000245,6,46.48,273.8,2,212,monthly,mailed_check,1
CUST-000246,55,81.05,4700.5,1,225,monthly,auto_pay,1
CUST-000247,30,40.54,1142.51,4,130,monthly,credit_card,1
CUST-000248,57,108.84,6255.85,1,394,monthly,auto_pay,1
CUST-000249,3,112.97,307.5,0,248,monthly,auto_pay,1
CUST-000250,13,29.98,420.74,3,362,monthly,auto_pay,1
CUST-000251,36,30.74,1177.47,0,199,monthly,credit_card,1
CUST-000252,13,31.53,411.89,1,449,two_year,mailed_check,0
CUST-000253,24,81.96,2048.0,2,367,monthly,mailed_check,0
CUST-000254,48,32.2,1423.16,0,173,two_year,bank_transfer,0
CUST-000255,10,105.24,1125.06,1,481,monthly,bank_transfer,0
CUST-000256,49,95.43,4877.39,0,433,monthly,credit_card,1
CUST-000257,7,101.98,659.6,2,299,monthly,mailed_check,0
CUST-000258,12,72.61,955.09,1,18,monthly,credit_card,0
CUST-000259,42,119.67,4546.17,1,299,monthly,bank_transfer,0
CUST-000260,57,24.42,1427.72,1,348,two_year,bank_transfer,0
CUST-000261,12,60.13,674.19,1,188,one_year,bank_transfer,1
CUST-000262,21,52.39,1148.44,0,80,one_year,auto_pay,0
CUST-000263,67,114.86,7034.42,2,286,monthly,mailed_check,0
CUST-000264,72,77.69,5125.04,0,402,monthly,mailed_check,0
CUST-000265,42,100.62,4197.55,3,166,one_year,auto_pay,0
CUST-000266,32,37.03,1302.04,1,233,monthly,credit_card,1
CUST-000267,25,117.86,2814.8,0,10,monthly,mailed_check,0
CUST-000268,44,69.86,3143.02,1,354,monthly,bank_transfer,1
CUST-000269,43,69.37,2994.01,1,434,monthly,mailed_check,1
CUST-000270,21,117.09,2627.14,1,390,one_year,bank_transfer,0
CUST-000271,1,58.07,55.61,3,220,monthly,auto_pay,1
CUST-000272,11,59.75,664.47,1,32,monthly,bank_transfer,0
CUST-000273,69,78.48,5903.16,1,251,two_year,bank_transfer,0
CUST-000274,30,32.81,951.34,1,470,two_year,credit_card,0
CUST-000275,35,52.11,1801.75,0,50,monthly,auto_pay,0
CUST-000276,34,39.32,1440.84,0,114,monthly,bank_transfer,1
CUST-000277,57,30.33,1670.89,2,420,one_year,mailed_check,0
CUST-000278,4,106.61,416.26,1,288,monthly,bank_transfer,1
CUST-000279,6,78.93,455.03,1,93,monthly,mailed_check,1
CUST-000280,20,55.87,1186.57,2,21,monthly,bank_transfer,1
CUST-000281,35,60.87,2313.83,1,211,monthly,bank_transfer,0
CUST-000282,48,63.15,3110.68,0,301,two_year,credit_card,0
CUST-000283,35,83.31,2987.95,2,421,one_year,auto_pay,1
CUST-000284,32,112.68,3526.44,2,443,two_year,credit_card,0
CUST-000285,68,113.28,6951.97,0,234,one_year,bank_transfer,0
CUST-000286,11,59.15,608.22,1,217,one_year,mailed_check,0
CUST-000287,41,52.93,2017.11,3,466,one_year,auto_pay,0
CUST-000288,39,65.1,2343.85,7,390,one_year,auto_pay,1
CUST-000289,34,76.79,2691.3,3,112,monthly,mailed_check,0
CUST-000290,58,66.18,3559.27,3,343,monthly,mailed_check,1
CUST-000291,19,85.88,1496.49,5,360,monthly,mailed_check,1
CUST-000292,69,75.44,5083.12,0,124,monthly,auto_pay,0
CUST-000293,24,52.07,1186.95,2,489,monthly,bank_transfer,1
CUST-000294,39,54.57,1977.49,2,155,monthly,credit_card,1
CUST-000295,38,57.86,2043.07,0,279,one_year,bank_transfer,0
CUST-000296,62,29.46,1737.46,2,251,monthly,auto_pay,0
CUST-000297,32,36.61,1180.15,1,349,monthly,bank_transfer,1
CUST-000298,20,92.31,1941.5,2,451,monthly,auto_pay,0
CUST-000299,1,58.91,63.07,0,202,monthly,credit_card,0
CUST-000300,26,41.45,1131.89,2,198,two_year,credit_card,0
CUST-000301,60,76.27,4693.55,1,378,monthly,bank_transfer,1
CUST-000302,0,95.55,0.0,1,476,monthly,credit_card,0
CUST-000303,65,45.74,2984.84,1,455,monthly,mailed_check,0
CUST-000304,39,102.68,4111.33,2,378,one_year,bank_transfer,0
CUST-000305,10,112.75,1107.57,1,354,one_year,bank_transfer,1
CUST-000306,22,79.74,1693.72,2,386,monthly,bank_transfer,0
CUST-000307,40,86.89,3358.62,5,468,monthly,bank_transfer,1
CUST-000308,23,25.26,540.12,3,15,one_year,mailed_check,0
CUST-000309,7,114.55,849.42,2,298,two_year,auto_pay,0
CUST-000310,48,59.25,2591.09,2,26,monthly,credit_card,0
CUST-000311,49,112.39,5699.51,3,292,monthly,credit_card,0
CUST-000312,8,77.9,668.63,2,203,monthly,credit_card,1
CUST-000313,20,20.46,408.99,1,159,monthly,bank_transfer,0
CUST-000314,17,23.85,370.6,0,446,one_year,auto_pay,0
CUST-000315,48,88.04,4165.42,3,357,two_year,mailed_check,0
CUST-000316,53,76.27,3915.56,1,288,two_year,bank_transfer,0
CUST-000317,53,22.65,1317.02,0,442,one_year,credit_card,0
CUST-000318,68,94.35,6661.22,0,57,monthly,credit_card,0
CUST-000319,56,105.21,6152.6,1,326,two_year,bank_transfer,0
CUST-000320,23,69.64,1606.79,0,86,monthly,bank_transfer,0
CUST-000321,7,66.58,485.58,0,124,monthly,auto_pay,1
CUST-000322,44,20.55,944.45,4,100,one_year,credit_card,1
CUST-000323,66,98.66,5946.82,0,276,monthly,credit_card,0
CUST-000324,71,53.07,3558.93,1,318,one_year,auto_pay,0
CUST-000325,16,107.88,1557.95,1,380,two_year,bank_transfer,0
CUST-000326,17,57.31,976.18,1,225,one_year,bank_transfer,0
CUST-000327,2,76.51,164.52,4,470,one_year,credit_card,1
CUST-000328,10,47.03,480.6,0,193,monthly,credit_card,0
CUST-000329,40,36.06,1442.46,2,86,monthly,bank_transfer,1
CUST-000330,39,97.49,4126.02,2,27,one_year,bank_transfer,0
CUST-000331,27,69.66,1757.52,2,72,one_year,mailed_check,0
CUST-000332,22,73.65,1482.45,1,228,two_year,mailed_check,0
CUST-000333,60,116.54,7575.99,2,212,monthly,bank_transfer,0
CUST-000334,33,116.36,4149.21,2,428,monthly,bank_transfer,0
CUST-000335,59,105.56,6455.95,4,71,monthly,bank_transfer,1
CUST-000336,70,38.76,2575.36,2,138,one_year,auto_pay,0
CUST-000337,23,79.43,1998.53,1,490,one_year,bank_transfer,0
CUST-000338,14,107.81,1589.44,1,23,two_year,mailed_check,0
CUST-000339,69,57.45,4101.92,2,217,monthly,mailed_check,0
CUST-000340,46,30.11,1308.3,3,107,monthly,bank_transfer,0
CUST-000341,21,101.1,2128.66,1,271,monthly,credit_card,0
CUST-000342,45,68.18,3266.04,2,487,monthly,credit_card,0
CUST-000343,37,76.44,3032.06,1,121,monthly,mailed_check,0
CUST-000344,66,118.21,7897.71,1,191,one_year,bank_transfer,0
CUST-000345,18,80.72,1459.58,1,230,monthly,bank_transfer,1
CUST-000346,72,62.5,4677.92,0,401,monthly,auto_pay,0
CUST-000347,68,57.0,3897.9,0,492,one_year,mailed_check,0
CUST-000348,13,61.76,789.66,0,57,one_year,bank_transfer,0
CUST-000349,12,31.84,350.4,2,249,monthly,bank_transfer,1
CUST-000350,38,99.48,3497.52,1,378,monthly,mailed_check,0
CUST-000351,3,103.77,327.52,3,14,one_year,credit_card,1
CUST-000352,21,48.44,920.53,2,404,one_year,mailed_check,0
CUST-000353,31,50.38,1421.94,3,128,one_year,auto_pay,1
CUST-000354,70,107.43,8128.69,0,264,monthly,credit_card,1
CUST-000355,72,22.4,1678.6,2,489,monthly,credit_card,0
CUST-000356,11,72.05,713.96,2,321,two_year,auto_pay,0
CUST-000357,65,66.37,4151.88,1,494,monthly,mailed_check,0
CUST-000358,6,89.01,562.19,0,305,monthly,credit_card,0
CUST-000359,54,36.34,1930.02,0,113,two_year,auto_pay,0
CUST-000360,61,86.83,5263.58,3,349,monthly,mailed_check,0
CUST-000361,65,57.67,3717.66,4,311,one_year,auto_pay,0
CUST-000362,16,81.87,1231.88,2,162,two_year,auto_pay,0
CUST-000363,65,24.01,1629.75,1,47,monthly,credit_card,0
CUST-000364,8,66.17,487.33,1,327,one_year,auto_pay,0
CUST-000365,37,72.23,2676.39,2,292,monthly,auto_pay,1
CUST-000366,34,41.43,1315.64,0,389,two_year,credit_card,0
CUST-000367,23,33.96,710.24,3,71,two_year,bank_transfer,0
CUST-000368,1,38.85,36.08,3,273,two_year,mailed_check,0
CUST-000369,56,54.41,3272.03,3,411,monthly,mailed_check,1
CUST-000370,24,29.68,666.18,0,446,one_year,credit_card,0
CUST-000371,48,114.73,5262.93,1,470,two_year,auto_pay,0
CUST-000372,29,60.5,1627.51,1,113,one_year,auto_pay,1
CUST-000373,27,100.9,2852.64,1,94,one_year,auto_pay,0
CUST-000374,64,117.44,7434.16,0,292,monthly,auto_pay,0
CUST-000375,6,28.07,183.36,0,236,two_year,mailed_check,0
CUST-000376,53,85.17,4662.36,0,124,monthly,bank_transfer,0
CUST-000377,54,107.14,5821.88,1,60,monthly,auto_pay,0
CUST-000378,27,83.42,2322.9,1,80,two_year,auto_pay,0
CUST-000379,19,62.9,1085.25,0,176,two_year,auto_pay,0
CUST-000380,0,63.11,0.0,2,372,two_year,mailed_check,0
CUST-000381,68,23.59,1750.55,3,41,monthly,credit_card,0
CUST-000382,69,73.46,4841.8,3,61,monthly,mailed_check,0
CUST-000383,17,119.35,2081.01,1,139,monthly,auto_pay,1
CUST-000384,2,115.87,217.92,0,438,monthly,mailed_check,1
CUST-000385,8,24.04,194.15,1,495,two_year,bank_transfer,0
CUST-000386,4,90.58,381.94,1,225,one_year,bank_transfer,0
CUST-000387,60,50.18,3275.64,1,31,monthly,credit_card,0
CUST-000388,65,110.3,6938.95,1,15,monthly,mailed_check,0
CUST-000389,11,24.51,280.04,1,430,monthly,mailed_check,1
CUST-000390,54,113.59,6399.37,1,227,two_year,bank_transfer,0
CUST-000391,13,103.75,1273.53,0,47,one_year,credit_card,0
CUST-000392,26,31.75,846.8,0,418,monthly,auto_pay,1
CUST-000393,43,25.98,1151.87,0,269,monthly,auto_pay,0
CUST-000394,52,103.47,5664.61,0,181,monthly,auto_pay,1
CUST-000395,63,35.58,2465.67,2,231,monthly,credit_card,0
CUST-000396,3,73.49,200.2,2,120,two_year,mailed_check,0
CUST-000397,14,111.57,1468.98,1,466,one_year,bank_transfer,0
CUST-000398,20,76.74,1425.85,0,396,monthly,auto_pay,0
CUST-000399,22,59.72,1223.04,4,107,one_year,mailed_check,1
CUST-000400,72,64.5,4601.51,0,370,monthly,auto_pay,0
CUST-000401,56,26.31,1584.9,1,98,monthly,credit_card,0
CUST-000402,23,116.88,2660.67,0,232,one_year,mailed_check,0
CUST-000403,70,51.07,3695.36,0,376,monthly,auto_pay,0
CUST-000404,36,38.94,1367.21,1,27,monthly,mailed_check,0
CUST-000405,36,48.6,1686.5,0,365,one_year,auto_pay,0
CUST-000406,31,116.44,3850.93,2,120,two_year,mailed_check,1
CUST-000407,10,29.43,303.46,1,352,monthly,mailed_check,0
CUST-000408,68,106.73,7041.21,0,254,one_year,credit_card,0
CUST-000409,1,90.78,98.3,1,22,monthly,credit_card,1
CUST-000410,12,103.0,1235.63,0,383,one_year,credit_card,0
CUST-000411,16,117.59,1764.14,1,137,monthly,mailed_check,0
CUST-000412,20,104.22,2077.41,0,476,one_year,credit_card,0
CUST-000413,9,114.34,1065.02,1,421,monthly,bank_transfer,0
CUST-000414,1,32.69,31.82,2,104,two_year,mailed_check,0
CUST-000415,49,99.58,5214.91,1,304,two_year,bank_transfer,0
CUST-000416,70,74.57,5254.5,1,187,monthly,credit_card,0
CUST-000417,8,74.35,590.97,0,305,one_year,bank_transfer,0
CUST-000418,21,109.89,2473.25,3,282,monthly,credit_card,1
CUST-000419,36,117.18,4187.19,2,154,one_year,bank_transfer,0
CUST-000420,67,90.48,5958.39,2,329,monthly,auto_pay,0
CUST-000421,50,68.29,3143.88,2,137,monthly,auto_pay,1
CUST-000422,55,65.64,3510.91,1,454,one_year,auto_pay,0
CUST-000423,42,58.63,2411.76,3,473,monthly,credit_card,0
CUST-000424,30,56.16,1577.18,1,91,monthly,mailed_check,0
CUST-000425,14,59.15,842.65,2,366,monthly,bank_transfer,1
CUST-000426,63,28.98,1695.69,1,465,monthly,bank_transfer,0
CUST-000427,58,27.74,1520.01,3,72,monthly,auto_pay,1
CUST-000428,1,97.99,99.19,2,372,one_year,credit_card,0
CUST-000429,52,64.61,3204.49,3,469,one_year,bank_transfer,0
CUST-000430,6,113.07,697.37,3,120,monthly,bank_transfer,1
CUST-000431,53,81.22,4468.68,1,295,monthly,credit_card,0
CUST-000432,60,23.52,1355.12,1,400,one_year,mailed_check,0
CUST-000433,9,35.75,295.2,2,173,one_year,bank_transfer,0
CUST-000434,31,40.58,1255.33,2,126,one_year,credit_card,0
CUST-000435,9,117.57,971.98,0,204,monthly,bank_transfer,1
CUST-000436,41,41.87,1721.9,0,174,monthly,mailed_check,0
CUST-000437,67,71.58,5012.84,2,365,one_year,auto_pay,0
CUST-000438,5,113.62,581.77,0,191,monthly,auto_pay,1
CUST-000439,29,117.72,3378.56,1,194,monthly,mailed_check,1
CUST-000440,71,43.64,3374.73,1,472,monthly,credit_card,0
CUST-000441,21,24.91,481.44,1,293,one_year,auto_pay,0
CUST-000442,9,35.36,342.43,3,465,monthly,bank_transfer,1
CUST-000443,35,26.33,976.87,0,358,one_year,auto_pay,0
CUST-000444,37,39.51,1438.4,0,443,one_year,mailed_check,0
CUST-000445,48,76.86,3433.15,2,105,monthly,credit_card,0
CUST-000446,22,111.24,2278.84,0,469,one_year,credit_card,1
CUST-000447,69,73.72,5515.8,1,472,one_year,mailed_check,1
CUST-000448,38,82.6,2971.63,3,29,monthly,bank_transfer,1
CUST-000449,20,40.19,863.94,2,184,one_year,bank_transfer,0
CUST-000450,70,100.06,7008.82,1,212,monthly,credit_card,0
CUST-000451,67,81.78,5437.33,4,215,monthly,bank_transfer,0
CUST-000452,36,106.41,3922.32,4,391,one_year,credit_card,0
CUST-000453,1,114.88,108.33,2,352,one_year,credit_card,1
CUST-000454,43,54.79,2322.22,4,114,monthly,credit_card,1
CUST-000455,40,29.06,1264.34,1,308,two_year,credit_card,0
CUST-000456,10,42.59,403.6,2,487,one_year,mailed_check,1
CUST-000457,46,63.78,3181.26,3,225,one_year,mailed_check,0
CUST-000458,61,114.57,7679.55,2,464,monthly,mailed_check,0
CUST-000459,7,57.83,368.53,4,328,monthly,credit_card,1
CUST-000460,52,97.08,5079.84,1,463,monthly,bank_transfer,0
CUST-000461,10,74.05,691.9,1,452,one_year,bank_transfer,1
CUST-000462,54,38.28,2117.44,1,18,monthly,auto_pay,0
CUST-000463,30,52.07,1715.04,2,402,one_year,credit_card,0
CUST-000464,0,85.32,0.0,1,102,monthly,credit_card,0
CUST-000465,70,87.29,6629.49,1,413,one_year,mailed_check,0
CUST-000466,12,63.48,718.09,1,405,one_year,bank_transfer,1
CUST-000467,43,42.86,1858.58,1,136,one_year,mailed_check,0
CUST-000468,13,92.19,1134.91,1,42,one_year,credit_card,1
CUST-000469,68,36.89,2708.91,1,215,two_year,mailed_check,0
CUST-000470,53,113.67,5652.38,2,158,monthly,auto_pay,0
CUST-000471,58,38.79,2094.11,1,281,one_year,mailed_check,0
CUST-000472,31,30.73,859.68,1,50,two_year,auto_pay,0
CUST-000473,34,69.76,2220.97,4,31,one_year,mailed_check,0
CUST-000474,46,71.95,3104.34,4,224,monthly,bank_transfer,0
CUST-000475,57,70.82,3695.63,2,387,two_year,bank_transfer,0
CUST-000476,61,63.67,4169.52,4,164,monthly,credit_card,0
CUST-000477,1,119.48,126.17,0,168,monthly,credit_card,0
CUST-000478,48,68.63,3132.48,0,90,monthly,mailed_check,0
CUST-000479,7,67.79,501.41,1,148,monthly,bank_transfer,1
CUST-000480,21,62.18,1285.45,3,156,monthly,credit_card,1
CUST-000481,60,26.68,1689.01,1,137,monthly,bank_transfer,0
CUST-000482,18,79.3,1376.87,1,178,two_year,bank_transfer,0
CUST-000483,58,42.8,2514.5,0,148,monthly,auto_pay,0
CUST-000484,33,83.76,2698.63,0,343,monthly,credit_card,0
CUST-000485,16,25.08,376.21,1,175,two_year,credit_card,0
CUST-000486,24,118.14,2883.92,3,379,one_year,auto_pay,0
CUST-000487,38,66.9,2669.73,0,306,monthly,credit_card,0
CUST-000488,55,109.68,6337.77,1,323,monthly,bank_transfer,0
CUST-000489,44,67.56,2887.2,2,295,one_year,auto_pay,0
CUST-000490,68,26.03,1776.66,0,462,one_year,auto_pay,0
CUST-000491,63,102.22,6779.6,1,135,one_year,credit_card,0
CUST-000492,54,84.82,4172.17,1,491,monthly,auto_pay,1
CUST-000493,44,98.18,3950.04,2,111,one_year,credit_card,0
CUST-000494,21,62.82,1286.56,0,77,one_year,credit_card,0
CUST-000495,30,83.79,2374.68,1,414,one_year,credit_card,0
CUST-000496,8,105.62,823.78,0,449,two_year,auto_pay,0
CUST-000497,27,83.11,2061.65,2,55,one_year,auto_pay,0
CUST-000498,67,54.77,3737.12,1,303,one_year,auto_pay,0
CUST-000499,31,86.25,2765.59,1,261,one_year,credit_card,0
CUST-000500,8,87.19,738.23,2,117,one_year,bank_transfer,0
CUST-000501,47,116.06,5619.04,0,265,monthly,credit_card,1
CUST-000502,70,57.09,3913.48,2,346,monthly,bank_transfer,0
CUST-000503,63,62.51,4280.69,3,291,one_year,credit_card,0
CUST-000504,20,101.21,2115.83,2,264,one_year,auto_pay,1
CUST-000505,33,70.58,2342.03,1,443,monthly,mailed_check,0
CUST-000506,38,93.66,3350.41,0,120,monthly,mailed_check,0
CUST-000507,18,65.97,1222.84,2,315,one_year,credit_card,0
CUST-000508,19,41.55,803.93,0,165,one_year,credit_card,0
CUST-000509,17,94.52,1665.76,2,487,monthly,credit_card,1
CUST-000510,72,33.12,2518.72,0,133,monthly,mailed_check,0
CUST-000511,54,39.86,2331.11,2,436,monthly,mailed_check,0
CUST-000512,61,82.68,5496.44,3,319,two_year,credit_card,0
CUST-000513,59,94.73,5734.59,2,115,two_year,mailed_check,0
CUST-000514,70,109.47,8377.01,5,381,one_year,auto_pay,0
CUST-000515,7,47.26,358.04,1,128,monthly,credit_card,0
CUST-000516,64,31.07,1790.67,0,138,one_year,bank_transfer,0
CUST-000517,4,115.6,475.13,2,178,monthly,bank_transfer,1
CUST-000518,34,35.44,1127.47,1,344,two_year,mailed_check,0
CUST-000519,43,39.77,1640.06,1,201,monthly,credit_card,1
CUST-000520,26,49.13,1225.65,0,288,monthly,credit_card,0
CUST-000521,10,72.94,726.94,1,280,one_year,auto_pay,0
CUST-000522,14,108.28,1367.62,1,106,monthly,bank_transfer,0
CUST-000523,60,96.05,5458.48,2,123,one_year,bank_transfer,0
CUST-000524,23,90.82,1892.14,0,160,one_year,mailed_check,0
CUST-000525,22,37.52,850.3,0,118,monthly,mailed_check,0
CUST-000526,67,55.77,4027.51,2,460,monthly,auto_pay,0
CUST-000527,10,67.84,745.94,2,196,one_year,mailed_check,0
CUST-000528,66,34.74,2269.25,4,208,one_year,mailed_check,0
CUST-000529,67,47.34,3019.62,0,339,monthly,auto_pay,0
CUST-000530,43,50.83,2340.05,0,396,monthly,mailed_check,0
CUST-000531,12,32.73,362.37,1,347,one_year,credit_card,0
CUST-000532,11,75.02,903.49,4,280,monthly,credit_card,0
CUST-000533,20,90.5,1887.77,1,488,one_year,mailed_check,0
CUST-000534,42,26.99,1134.47,4,450,one_year,credit_card,0
CUST-000535,11,68.11,688.77,3,109,monthly,auto_pay,1
CUST-000536,33,98.22,2928.93,0,88,one_year,bank_transfer,0
CUST-000537,8,94.8,765.15,1,202,monthly,mailed_check,1
CUST-000538,39,101.51,3890.68,3,419,monthly,auto_pay,1
CUST-000539,1,64.82,69.26,1,482,one_year,credit_card,0
CUST-000540,51,102.06,5353.2,2,354,two_year,bank_transfer,0
CUST-000541,4,44.08,173.92,0,348,one_year,auto_pay,0
CUST-000542,14,56.08,742.1,0,124,monthly,mailed_check,0
CUST-000543,12,37.64,449.91,2,300,one_year,mailed_check,0
CUST-000544,60,66.75,3735.06,0,100,monthly,mailed_check,0
CUST-000545,3,59.21,183.56,1,274,monthly,mailed_check,0
CUST-000546,31,44.09,1395.69,5,104,monthly,mailed_check,0
CUST-000547,43,95.18,4346.55,0,47,monthly,auto_pay,0
CUST-000548,37,51.38,1881.87,0,483,monthly,bank_transfer,0
CUST-000549,49,47.28,2214.16,1,447,two_year,auto_pay,0
CUST-000550,58,33.09,2048.34,3,345,monthly,mailed_check,1
CUST-000551,28,63.88,1856.97,2,316,one_year,bank_transfer,0
CUST-000552,60,50.3,3142.77,4,127,one_year,mailed_check,0
CUST-000553,23,56.93,1316.74,2,290,monthly,auto_pay,1
CUST-000554,71,43.6,3328.38,1,376,monthly,credit_card,0
CUST-000555,36,96.32,3278.74,0,274,monthly,mailed_check,0
CUST-000556,53,113.0,5871.25,1,148,monthly,mailed_check,0
CUST-000557,63,69.79,4657.26,1,202,one_year,auto_pay,0
CUST-000558,57,84.3,4452.37,1,422,two_year,credit_card,0
CUST-000559,62,106.72,7024.37,1,134,two_year,credit_card,0
CUST-000560,39,119.88,4537.49,1,481,monthly,mailed_check,0
CUST-000561,3,81.35,225.77,1,380,monthly,credit_card,0
CUST-000562,35,108.98,3493.25,3,446,monthly,bank_transfer,1
CUST-000563,13,110.86,1540.05,2,259,two_year,auto_pay,0
CUST-000564,64,99.15,6699.2,3,119,monthly,credit_card,0
CUST-000565,17,66.09,1075.9,1,26,monthly,mailed_check,0
CUST-000566,16,28.12,415.4,1,272,one_year,auto_pay,0
CUST-000567,18,21.58,368.8,3,205,one_year,credit_card,0
CUST-000568,46,67.72,2936.3,1,65,monthly,bank_transfer,1
CUST-000569,41,69.43,2979.31,2,465,one_year,bank_transfer,0
CUST-000570,69,60.74,3952.64,1,485,monthly,credit_card,0
CUST-000571,30,76.82,2173.74,1,193,monthly,mailed_check,0
CUST-000572,20,75.22,1363.67,1,337,monthly,bank_transfer,0
CUST-000573,3,103.66,317.0,1,212,monthly,auto_pay,1
CUST-000574,0,30.87,0.0,1,253,two_year,auto_pay,0
CUST-000575,27,42.52,1183.28,0,315,monthly,credit_card,0
CUST-000576,67,99.3,6744.38,1,214,one_year,auto_pay,0
CUST-000577,38,104.78,4352.79,0,402,monthly,bank_transfer,0
CUST-000578,65,119.48,7723.86,1,102,one_year,credit_card,0
CUST-000579,7,107.29,805.12,2,337,two_year,bank_transfer,0
CUST-000580,6,108.99,673.04,0,491,monthly,auto_pay,0
CUST-000581,60,51.43,2829.16,1,426,two_year,credit_card,0
CUST-000582,7,60.17,447.31,3,32,one_year,mailed_check,0
CUST-000583,3,46.81,142.8,3,65,one_year,auto_pay,0
CUST-000584,29,80.63,2410.07,1,318,monthly,bank_transfer,1
CUST-000585,67,113.88,7141.99,0,463,one_year,auto_pay,0
CUST-000586,50,54.46,2688.96,3,423,monthly,bank_transfer,1
CUST-000587,7,75.7,570.23,1,452,two_year,auto_pay,0
CUST-000588,61,49.63,2855.13,2,83,two_year,credit_card,0
CUST-000589,61,36.98,2030.26,4,264,monthly,auto_pay,0
CUST-000590,58,39.52,2180.99,1,365,two_year,credit_card,0
CUST-000591,65,25.79,1672.17,1,316,two_year,credit_card,0
CUST-000592,17,114.93,2079.35,2,390,one_year,bank_transfer,1
CUST-000593,71,60.29,4403.26,2,114,monthly,credit_card,0
CUST-000594,23,103.41,2577.77,0,233,monthly,bank_transfer,1
CUST-000595,58,88.13,5066.11,0,229,monthly,credit_card,1
CUST-000596,42,39.19,1610.04,2,470,monthly,credit_card,0
CUST-000597,56,37.55,1989.85,2,109,two_year,credit_card,0
CUST-000598,45,101.2,4297.21,0,169,monthly,mailed_check,1
CUST-000599,46,46.47,2238.56,2,20,one_year,auto_pay,0
CUST-000600,44,111.33,4487.4,1,84,one_year,credit_card,1
CUST-000601,56,34.01,1806.56,4,490,one_year,credit_card,0
CUST-000602,53,87.77,5010.83,2,425,monthly,mailed_check,1
CUST-000603,9,101.45,927.1,0,136,one_year,auto_pay,0
CUST-000604,60,43.53,2374.96,1,354,one_year,mailed_check,0
CUST-000605,39,47.62,1933.05,3,300,one_year,credit_card,0
CUST-000606,23,116.45,2681.93,1,454,monthly,bank_transfer,1
CUST-000607,37,46.46,1840.91,2,157,one_year,credit_card,0
CUST-000608,70,63.0,4570.91,1,497,monthly,bank_transfer,1
CUST-000609,62,63.25,3532.84,2,191,one_year,credit_card,0
CUST-000610,60,45.3,2558.04,0,361,monthly,credit_card,1
CUST-000611,33,97.58,3064.26,1,204,monthly,auto_pay,1
CUST-000612,57,97.18,5763.3,0,339,one_year,mailed_check,0
CUST-000613,28,57.83,1622.26,2,174,monthly,auto_pay,0
CUST-000614,50,103.51,5431.63,2,423,two_year,mailed_check,0
CUST-000615,46,41.31,1905.15,0,322,two_year,mailed_check,0
CUST-000616,18,20.43,355.04,1,151,monthly,mailed_check,0
CUST-000617,19,77.12,1349.13,2,480,monthly,credit_card,1
CUST-000618,4,119.41,449.23,0,357,monthly,bank_transfer,1
CUST-000619,10,23.86,233.87,3,220,two_year,auto_pay,0
CUST-000620,31,40.8,1277.82,3,76,one_year,mailed_check,0
CUST-000621,34,71.89,2658.69,2,486,monthly,mailed_check,0
CUST-000622,12,100.99,1148.79,2,379,monthly,auto_pay,0
CUST-000623,30,28.9,895.8,0,337,monthly,bank_transfer,1
CUST-000624,44,59.52,2436.89,2,418,one_year,bank_transfer,0
CUST-000625,16,94.71,1580.14,1,307,monthly,credit_card,0
CUST-000626,24,57.15,1237.55,0,123,monthly,bank_transfer,1
CUST-000627,26,38.88,1042.4,2,126,one_year,credit_card,0
CUST-000628,36,39.55,1327.9,2,48,monthly,mailed_check,0
CUST-000629,26,61.0,1484.6,1,40,monthly,credit_card,0
CUST-000630,53,67.94,3643.24,0,367,one_year,bank_transfer,0
CUST-000631,23,106.18,2381.29,1,427,two_year,mailed_check,0
CUST-000632,31,84.23,2596.14,1,90,monthly,mailed_check,0
CUST-000633,27,89.04,2312.19,3,291,two_year,bank_transfer,1
CUST-000634,13,118.3,1677.38,2,70,monthly,bank_transfer,1
CUST-000635,50,61.18,2930.92,1,213,two_year,auto_pay,0
CUST-000636,17,60.34,1034.41,0,397,monthly,mailed_check,1
CUST-000637,21,112.33,2526.11,2,407,one_year,mailed_check,1
CUST-000638,57,44.59,2625.09,2,474,monthly,auto_pay,0
CUST-000639,69,92.98,6188.22,1,162,two_year,bank_transfer,0
CUST-000640,48,95.46,4630.13,2,474,two_year,bank_transfer,1
CUST-000641,66,29.78,1801.56,1,393,monthly,auto_pay,0
CUST-000642,62,66.82,4180.69,1,175,monthly,mailed_check,1
CUST-000643,35,40.06,1382.86,6,170,one_year,credit_card,0
CUST-000644,56,38.54,2269.58,3,62,monthly,mailed_check,0
CUST-000645,23,66.38,1632.97,2,461,one_year,bank_transfer,0
CUST-000646,33,48.94,1517.99,0,109,one_year,credit_card,0
CUST-000647,39,99.61,3559.66,2,141,monthly,credit_card,0
CUST-000648,70,110.76,7583.49,1,212,monthly,bank_transfer,0
CUST-000649,61,100.27,6158.25,5,77,two_year,credit_card,0
CUST-000650,35,46.6,1590.81,1,404,monthly,credit_card,0
CUST-000651,47,47.41,2285.56,0,352,one_year,bank_transfer,0
CUST-000652,14,45.47,637.3,3,86,monthly,mailed_check,0
CUST-000653,58,33.5,2112.67,1,89,monthly,auto_pay,0
CUST-000654,40,114.38,4492.29,1,20,monthly,credit_card,1
CUST-000655,38,60.2,2096.58,2,475,monthly,auto_pay,0
CUST-000656,55,42.47,2243.32,0,223,one_year,bank_transfer,0
CUST-000657,46,104.67,4916.79,3,331,monthly,auto_pay,0
CUST-000658,5,59.92,284.98,2,83,one_year,credit_card,0
CUST-000659,21,23.51,470.9,0,123,one_year,credit_card,0
CUST-000660,12,36.19,420.35,1,275,monthly,bank_transfer,1
CUST-000661,53,83.93,4667.27,1,112,monthly,mailed_check,1
CUST-000662,2,98.29,213.88,1,310,one_year,auto_pay,1
CUST-000663,14,41.09,558.05,0,462,one_year,credit_card,0
CUST-000664,43,111.74,4512.19,2,159,one_year,mailed_check,0
CUST-000665,50,105.1,5171.59,0,307,monthly,mailed_check,0
CUST-000666,36,104.84,3662.4,0,458,one_year,auto_pay,0
CUST-000667,62,42.77,2911.62,0,447,monthly,auto_pay,0
CUST-000668,67,25.05,1666.22,1,13,one_year,credit_card,1
CUST-000669,9,106.74,995.11,3,64,monthly,auto_pay,0
CUST-000670,69,50.58,3778.85,1,493,one_year,mailed_check,0
CUST-000671,44,81.89,3696.17,2,463,monthly,bank_transfer,0
CUST-000672,46,96.0,4194.65,0,167,one_year,credit_card,0
CUST-000673,6,32.83,201.21,3,264,monthly,mailed_check,1
CUST-000674,45,98.08,4326.98,1,290,one_year,auto_pay,0
CUST-000675,52,113.85,5828.26,3,337,monthly,auto_pay,1
CUST-000676,42,92.84,4273.08,2,377,one_year,auto_pay,0
CUST-000677,6,64.12,367.68,2,192,monthly,credit_card,1
CUST-000678,38,107.67,4066.04,0,446,monthly,credit_card,0
CUST-000679,68,72.75,4610.47,1,38,one_year,mailed_check,0
CUST-000680,52,94.48,4597.1,1,25,monthly,mailed_check,0
CUST-000681,10,102.05,1041.62,0,479,monthly,credit_card,1
CUST-000682,70,94.94,6979.44,0,96,one_year,auto_pay,0
CUST-000683,69,48.79,3458.39,0,497,one_year,auto_pay,0
CUST-000684,12,31.78,368.34,0,150,two_year,bank_transfer,0
CUST-000685,58,43.83,2318.24,2,188,monthly,auto_pay,0
CUST-000686,29,70.29,2026.29,3,23,monthly,mailed_check,0
CUST-000687,43,70.53,3035.38,1,472,one_year,mailed_check,0
CUST-000688,32,78.26,2639.88,3,186,monthly,credit_card,0
CUST-000689,57,59.51,3487.24,3,92,one_year,bank_transfer,0
CUST-000690,72,98.69,7633.29,1,246,monthly,mailed_check,1
CUST-000691,58,111.32,6821.98,3,85,two_year,credit_card,0
CUST-000692,67,44.67,2912.61,1,396,one_year,mailed_check,0
CUST-000693,69,93.65,6632.73,0,45,monthly,bank_transfer,0
CUST-000694,6,87.8,552.85,1,254,monthly,auto_pay,0
CUST-000695,18,72.31,1420.51,1,201,monthly,bank_transfer,0
CUST-000696,52,38.85,1988.83,2,28,monthly,mailed_check,0
CUST-000697,43,99.52,4406.27,3,35,one_year,auto_pay,0
CUST-000698,3,116.06,340.71,1,264,monthly,auto_pay,0
CUST-000699,6,92.18,579.39,1,203,monthly,bank_transfer,0
CUST-000700,37,111.79,4477.05,2,73,monthly,credit_card,1
CUST-000701,44,118.42,5647.35,1,77,one_year,mailed_check,0
CUST-000702,12,55.21,617.08,2,404,monthly,bank_transfer,0
CUST-000703,12,83.82,946.31,2,367,monthly,credit_card,0
CUST-000704,9,67.39,637.43,2,307,two_year,mailed_check,0
CUST-000705,41,118.66,4992.53,3,418,monthly,credit_card,0
CUST-000706,0,29.38,0.0,0,43,monthly,auto_pay,1
CUST-000707,41,61.24,2417.34,1,347,two_year,bank_transfer,0
CUST-000708,34,107.55,3911.22,1,378,monthly,mailed_check,1
CUST-000709,34,48.41,1706.44,1,108,two_year,credit_card,0
CUST-000710,49,98.78,4545.41,0,272,one_year,mailed_check,0
CUST-000711,38,58.28,2049.2,3,385,one_year,credit_card,0
CUST-000712,53,118.0,6507.57,0,305,monthly,mailed_check,0
CUST-000713,55,108.35,5552.19,1,132,monthly,bank_transfer,1
CUST-000714,67,50.13,3556.42,3,335,monthly,credit_card,0
CUST-000715,58,97.02,5691.42,1,382,monthly,bank_transfer,0
CUST-000716,37,53.69,1977.34,3,14,monthly,credit_card,1
CUST-000717,35,80.64,2695.69,1,288,one_year,bank_transfer,0
CUST-000718,17,85.85,1600.68,1,257,one_year,auto_pay,0
CUST-000719,43,102.96,4624.0,1,189,monthly,auto_pay,0
CUST-000720,10,22.45,236.99,2,31,one_year,auto_pay,0
CUST-000721,67,42.02,2966.64,0,50,two_year,mailed_check,0
CUST-000722,61,91.19,5656.06,1,377,one_year,bank_transfer,0
CUST-000723,8,76.35,664.51,0,415,one_year,auto_pay,1
CUST-000724,57,69.56,4031.39,1,215,one_year,credit_card,0
CUST-000725,8,25.52,204.98,1,470,monthly,bank_transfer,1
CUST-000726,52,54.83,2722.12,3,464,monthly,auto_pay,0
CUST-000727,6,106.51,611.16,3,336,two_year,credit_card,0
CUST-000728,35,23.09,846.44,0,294,one_year,bank_transfer,0
CUST-000729,48,59.64,2768.12,2,482,one_year,credit_card,0
CUST-000730,53,114.51,6346.64,2,308,two_year,mailed_check,0
CUST-000731,30,25.09,820.85,0,467,monthly,auto_pay,1
CUST-000732,67,94.97,6285.75,0,489,monthly,auto_pay,0
CUST-000733,56,45.76,2356.18,3,105,one_year,auto_pay,0
CUST-000734,15,106.66,1653.19,0,333,monthly,credit_card,0
CUST-000735,48,94.61,4095.8,0,368,one_year,credit_card,0
CUST-000736,53,108.57,6084.51,3,411,one_year,bank_transfer,0
CUST-000737,24,41.59,1003.28,2,181,one_year,credit_card,0
CUST-000738,53,73.13,3867.93,2,432,monthly,bank_transfer,1
CUST-000739,65,97.93,6453.86,2,248,one_year,bank_transfer,0
CUST-000740,59,44.57,2638.26,1,199,monthly,mailed_check,0
CUST-000741,55,43.07,2285.36,2,86,two_year,bank_transfer,0
CUST-000742,46,22.72,999.45,1,167,monthly,credit_card,0
CUST-000743,19,115.85,2163.86,2,487,two_year,mailed_check,0
CUST-000744,58,91.0,5694.87,0,360,monthly,credit_card,1
CUST-000745,26,83.56,2014.12,3,365,monthly,credit_card,1
CUST-000746,38,94.4,3461.48,1,448,monthly,bank_transfer,1
CUST-000747,22,73.16,1510.47,2,140,monthly,credit_card,1
CUST-000748,22,67.61,1465.74,0,334,monthly,mailed_check,1
CUST-000749,11,64.95,662.08,0,192,one_year,bank_transfer,0
CUST-000750,70,84.04,6189.64,0,425,one_year,mailed_check,0
CUST-000751,10,40.15,369.66,0,217,monthly,credit_card,0
CUST-000752,6,108.81,674.44,2,428,one_year,auto_pay,1
CUST-000753,68,101.18,6560.6,1,376,two_year,credit_card,0
CUST-000754,40,54.96,2186.17,1,388,one_year,credit_card,0
CUST-000755,31,77.86,2268.83,1,463,monthly,bank_transfer,1
CUST-000756,53,34.1,1890.52,1,397,monthly,mailed_check,0
CUST-000757,27,117.23,3448.99,2,167,two_year,bank_transfer,0
CUST-000758,9,110.29,937.37,0,265,monthly,mailed_check,1
CUST-000759,53,112.19,6484.97,3,241,monthly,credit_card,0
CUST-000760,12,53.22,616.32,1,41,one_year,bank_transfer,0
CUST-000761,40,36.91,1493.48,2,300,monthly,auto_pay,1
CUST-000762,69,41.18,2955.98,1,224,one_year,bank_transfer,0
CUST-000763,68,29.0,1853.39,1,202,monthly,auto_pay,0
CUST-000764,26,32.01,823.07,2,63,one_year,auto_pay,0
CUST-000765,56,27.13,1387.96,1,257,two_year,credit_card,0
CUST-000766,44,118.98,5441.44,2,293,two_year,auto_pay,0
CUST-000767,34,27.41,916.4,0,61,two_year,mailed_check,0
CUST-000768,10,33.25,358.54,2,321,two_year,mailed_check,0
CUST-000769,27,102.73,2648.33,0,92,monthly,bank_transfer,0
CUST-000770,47,78.02,3977.6,2,81,two_year,bank_transfer,0
CUST-000771,72,97.44,6512.01,2,206,two_year,mailed_check,0
CUST-000772,0,83.09,0.0,3,200,monthly,mailed_check,1
CUST-000773,52,108.22,5411.13,1,458,monthly,mailed_check,1
CUST-000774,61,83.85,4789.32,1,43,monthly,mailed_check,0
CUST-000775,69,72.21,4577.85,1,181,one_year,bank_transfer,0
CUST-000776,30,91.27,2823.33,3,369,one_year,credit_card,0
CUST-000777,8,64.74,490.28,1,132,monthly,credit_card,1
CUST-000778,19,54.61,1052.7,4,490,monthly,bank_transfer,0
CUST-000779,62,66.77,4536.67,1,374,one_year,mailed_check,0
CUST-000780,64,36.97,2278.99,0,473,monthly,bank_transfer,0
CUST-000781,46,99.66,4157.96,1,475,two_year,bank_transfer,0
CUST-000782,8,46.07,342.23,3,63,monthly,mailed_check,0
CUST-000783,8,35.35,261.27,3,234,monthly,credit_card,1
CUST-000784,34,44.64,1506.61,0,374,monthly,auto_pay,1
CUST-000785,42,104.21,4590.98,2,14,two_year,auto_pay,0
CUST-000786,2,53.02,101.72,1,231,two_year,mailed_check,0
CUST-000787,50,88.6,4116.22,2,347,monthly,bank_transfer,1
CUST-000788,39,105.64,4235.95,3,398,monthly,auto_pay,1
CUST-000789,0,27.77,0.0,1,213,monthly,mailed_check,0
CUST-000790,6,96.5,587.7,2,432,monthly,mailed_check,1
CUST-000791,33,50.77,1820.76,0,340,one_year,auto_pay,0
CUST-000792,52,41.66,2075.92,1,32,monthly,auto_pay,0
CUST-000793,60,88.89,5346.72,4,146,monthly,mailed_check,1
CUST-000794,31,110.98,3651.49,3,469,monthly,mailed_check,0
CUST-000795,21,49.5,1079.36,1,11,monthly,auto_pay,0
CUST-000796,70,76.88,5652.27,2,62,monthly,bank_transfer,0
CUST-000797,33,48.98,1704.45,1,178,monthly,auto_pay,0
CUST-000798,23,75.43,1748.74,2,496,monthly,credit_card,1
CUST-000799,32,82.19,2649.05,0,355,monthly,auto_pay,1
CUST-000800,0,81.03,0.0,1,82,monthly,bank_transfer,1
CUST-000801,22,82.35,1883.32,1,202,two_year,mailed_check,0
CUST-000802,37,33.51,1282.04,1,470,monthly,auto_pay,0
CUST-000803,67,89.35,5845.33,0,117,monthly,mailed_check,0
CUST-000804,53,87.48,4941.09,2,291,monthly,mailed_check,0
CUST-000805,57,88.26,4765.4,2,237,one_year,mailed_check,0
CUST-000806,39,27.41,995.39,1,382,two_year,credit_card,0
CUST-000807,8,64.68,501.42,0,378,one_year,mailed_check,0
CUST-000808,28,60.9,1621.25,3,418,one_year,bank_transfer,0
CUST-000809,72,28.67,2131.61,1,68,one_year,auto_pay,0
CUST-000810,3,42.24,119.9,1,232,monthly,bank_transfer,0
CUST-000811,64,64.1,4230.8,1,348,two_year,bank_transfer,0
CUST-000812,49,94.29,4632.43,1,215,one_year,mailed_check,0
CUST-000813,20,43.71,813.43,0,336,monthly,mailed_check,0
CUST-000814,56,102.97,5487.69,2,321,monthly,auto_pay,0
CUST-000815,61,74.58,4569.15,1,191,monthly,credit_card,0
CUST-000816,3,96.04,301.55,0,59,monthly,credit_card,0
CUST-000817,7,67.26,461.24,1,485,one_year,credit_card,0
CUST-000818,48,69.92,3176.83,1,414,monthly,mailed_check,0
CUST-000819,72,81.97,5659.96,2,448,one_year,bank_transfer,0
CUST-000820,1,112.8,103.67,0,156,two_year,credit_card,0
CUST-000821,48,69.18,3005.28,2,164,monthly,auto_pay,0
CUST-000822,9,72.87,717.89,2,168,monthly,mailed_check,1
CUST-000823,47,80.2,3465.14,1,25,one_year,auto_pay,0
CUST-000824,45,93.75,3902.25,1,93,one_year,bank_transfer,0
CUST-000825,6,27.19,175.24,1,161,monthly,credit_card,1
CUST-000826,49,71.57,3621.61,2,493,monthly,mailed_check,0
CUST-000827,65,68.16,4373.76,5,110,one_year,credit_card,1
CUST-000828,63,112.17,7277.33,1,258,two_year,mailed_check,0
CUST-000829,2,69.35,150.77,1,278,monthly,credit_card,0
CUST-000830,17,66.83,1045.08,0,186,monthly,credit_card,0
CUST-000831,17,116.22,1874.47,1,460,two_year,bank_transfer,0
CUST-000832,33,65.06,2301.69,2,55,monthly,credit_card,1
CUST-000833,10,38.09,402.28,1,436,monthly,credit_card,1
CUST-000834,62,41.69,2840.29,2,374,one_year,credit_card,0
CUST-000835,56,29.52,1591.59,0,159,monthly,auto_pay,0
CUST-000836,59,20.06,1288.85,1,386,monthly,mailed_check,0
CUST-000837,14,63.19,857.0,2,220,one_year,credit_card,0
CUST-000838,1,96.92,101.09,1,485,one_year,auto_pay,1
CUST-000839,66,93.35,6632.72,1,27,monthly,bank_transfer,0
CUST-000840,21,23.21,455.32,2,24,monthly,bank_transfer,0
CUST-000841,47,77.0,3405.94,2,276,one_year,bank_transfer,0
CUST-000842,66,35.43,2376.24,2,466,one_year,mailed_check,0
CUST-000843,2,114.11,243.91,0,41,one_year,auto_pay,1
CUST-000844,0,36.74,0.0,0,391,one_year,auto_pay,1
CUST-000845,0,82.66,0.0,1,469,one_year,mailed_check,0
CUST-000846,11,52.62,560.66,3,248,two_year,auto_pay,0
CUST-000847,3,84.16,247.74,1,434,one_year,credit_card,1
CUST-000848,59,61.23,3496.87,1,380,monthly,credit_card,1
CUST-000849,44,95.96,4569.71,3,114,two_year,bank_transfer,0
CUST-000850,71,43.07,2832.17,1,428,two_year,credit_card,0
CUST-000851,58,110.58,6508.91,2,352,monthly,auto_pay,0
CUST-000852,70,70.02,4556.45,2,16,monthly,bank_transfer,0
CUST-000853,17,95.61,1764.69,3,288,one_year,credit_card,1
CUST-000854,21,104.97,2335.72,2,330,monthly,bank_transfer,0
CUST-000855,62,119.88,7036.88,2,402,one_year,mailed_check,0
CUST-000856,17,42.39,691.48,4,387,monthly,mailed_check,0
CUST-000857,4,48.69,190.14,2,243,monthly,mailed_check,1
CUST-000858,48,45.04,2121.02,0,156,monthly,mailed_check,0
CUST-000859,58,46.29,2855.22,3,103,two_year,auto_pay,0
CUST-000860,70,78.24,5547.49,1,53,monthly,mailed_check,0
CUST-000861,67,119.35,7881.22,1,323,one_year,mailed_check,0
CUST-000862,8,119.03,994.03,3,480,monthly,auto_pay,1
CUST-000863,56,72.68,4035.78,3,49,monthly,bank_transfer,0
CUST-000864,61,83.9,4737.37,2,354,monthly,mailed_check,0
CUST-000865,50,106.0,4883.94,2,296,monthly,bank_transfer,0
CUST-000866,59,113.29,6451.45,0,94,one_year,credit_card,0
CUST-000867,61,40.39,2514.48,1,114,one_year,credit_card,0
CUST-000868,32,72.85,2160.95,3,149,monthly,auto_pay,0
CUST-000869,2,103.28,208.63,0,345,monthly,credit_card,1
CUST-000870,33,50.32,1584.04,2,156,one_year,credit_card,0
CUST-000871,14,63.98,930.73,0,415,one_year,credit_card,0
CUST-000872,8,118.56,858.99,0,191,monthly,auto_pay,1
CUST-000873,9,118.5,1059.89,1,63,one_year,bank_transfer,1
CUST-000874,50,110.61,5035.26,2,56,monthly,auto_pay,0
CUST-000875,36,99.84,3472.4,4,206,monthly,auto_pay,0
CUST-000876,39,46.91,1652.24,2,209,one_year,mailed_check,0
CUST-000877,54,52.09,2795.48,0,369,one_year,credit_card,0
CUST-000878,40,74.73,3148.83,1,244,one_year,bank_transfer,0
CUST-000879,45,76.08,3149.86,0,90,monthly,auto_pay,0
CUST-000880,6,70.55,443.21,0,114,monthly,bank_transfer,0
CUST-000881,62,83.67,5274.89,1,287,one_year,credit_card,0
CUST-000882,32,60.83,1948.35,1,173,monthly,credit_card,1
CUST-000883,11,94.92,1064.89,2,339,monthly,bank_transfer,1
CUST-000884,59,53.35,3044.34,2,462,one_year,bank_transfer,0
CUST-000885,53,53.07,2931.03,2,183,monthly,credit_card,1
CUST-000886,3,32.72,103.65,2,280,monthly,bank_transfer,0
CUST-000887,14,38.87,574.46,1,417,monthly,auto_pay,0
CUST-000888,1,105.05,100.21,0,113,two_year,mailed_check,0
CUST-000889,19,64.63,1265.77,0,260,monthly,auto_pay,1
CUST-000890,7,42.79,278.45,0,159,monthly,credit_card,1
CUST-000891,51,95.93,4887.95,0,317,monthly,auto_pay,1
CUST-000892,38,75.4,2580.19,2,374,monthly,credit_card,1
CUST-000893,71,22.12,1474.27,1,79,monthly,credit_card,0
CUST-000894,54,51.64,2862.03,1,101,one_year,auto_pay,0
CUST-000895,44,37.7,1783.0,1,21,monthly,bank_transfer,0
CUST-000896,37,85.59,2881.2,3,15,monthly,bank_transfer,0
CUST-000897,3,47.5,144.17,1,34,monthly,mailed_check,0
CUST-000898,5,26.49,136.07,4,356,monthly,credit_card,1
CUST-000899,44,25.49,1218.55,2,452,monthly,credit_card,0
CUST-000900,0,78.17,0.0,0,210,one_year,auto_pay,0
CUST-000901,3,22.17,61.23,0,442,one_year,bank_transfer,0
CUST-000902,15,104.88,1462.05,1,367,one_year,mailed_check,0
CUST-000903,64,35.54,2336.32,0,405,monthly,credit_card,0
CUST-000904,33,80.66,2510.39,0,372,two_year,bank_transfer,0
CUST-000905,51,64.47,3569.62,1,107,one_year,credit_card,0
CUST-000906,30,64.29,2090.98,0,266,monthly,credit_card,0
CUST-000907,12,27.18,355.43,1,267,monthly,bank_transfer,0
CUST-000908,27,100.28,2595.44,3,324,one_year,auto_pay,0
CUST-000909,6,109.31,684.32,1,400,monthly,credit_card,0
CUST-000910,56,21.1,1220.12,1,65,monthly,mailed_check,0
CUST-000911,13,37.86,446.47,0,340,one_year,auto_pay,0
CUST-000912,27,110.39,2840.78,1,418,monthly,bank_transfer,0
CUST-000913,71,74.95,5009.36,0,66,two_year,mailed_check,0
CUST-000914,43,35.0,1466.11,1,213,monthly,bank_transfer,0
CUST-000915,33,40.28,1449.68,0,448,monthly,credit_card,0
CUST-000916,39,86.0,3585.83,0,21,monthly,mailed_check,1
CUST-000917,57,92.48,5053.57,0,88,monthly,credit_card,0
CUST-000918,18,79.94,1447.56,1,403,two_year,mailed_check,0
CUST-000919,46,115.31,4977.8,2,94,one_year,mailed_check,0
CUST-000920,63,69.41,4178.18,2,353,two_year,mailed_check,0
CUST-000921,41,50.03,1872.77,0,451,monthly,bank_transfer,0
CUST-000922,32,67.72,2228.85,2,254,monthly,auto_pay,1
CUST-000923,10,55.97,577.27,1,247,monthly,mailed_check,1
CUST-000924,18,42.44,815.64,1,220,monthly,credit_card,1
CUST-000925,69,24.6,1823.53,2,192,two_year,bank_transfer,0
CUST-000926,39,55.22,2007.16,0,196,monthly,bank_transfer,0
CUST-000927,21,91.14,2006.97,2,281,monthly,auto_pay,1
CUST-000928,30,21.84,607.33,1,448,monthly,auto_pay,1
CUST-000929,42,63.92,2616.83,3,490,one_year,mailed_check,0
CUST-000930,39,84.4,3301.83,1,434,monthly,bank_transfer,0
CUST-000931,51,81.04,3760.63,2,68,one_year,credit_card,0
CUST-000932,18,97.66,1637.21,2,160,one_year,credit_card,0
CUST-000933,47,101.05,4531.94,3,380,one_year,mailed_check,1
CUST-000934,32,91.17,2700.12,5,277,monthly,bank_transfer,1
CUST-000935,68,30.28,2237.8,2,173,monthly,auto_pay,0
CUST-000936,11,67.5,711.07,2,162,monthly,auto_pay,1
CUST-000937,10,80.34,803.59,2,67,two_year,mailed_check,0
CUST-000938,33,44.56,1616.51,0,172,two_year,credit_card,0
CUST-000939,37,24.26,909.58,2,216,one_year,credit_card,0
CUST-000940,50,42.36,2080.51,1,213,monthly,auto_pay,0
CUST-000941,29,65.49,2062.46,3,278,monthly,bank_transfer,0
CUST-000942,66,61.39,3826.87,2,143,one_year,mailed_check,0
CUST-000943,34,37.67,1198.68,1,110,monthly,credit_card,0
CUST-000944,9,102.44,928.48,3,444,one_year,bank_transfer,0
CUST-000945,8,112.57,887.47,0,208,one_year,mailed_check,0
CUST-000946,71,40.13,3018.47,2,134,monthly,mailed_check,0
CUST-000947,9,112.96,923.52,0,321,monthly,credit_card,1
CUST-000948,69,21.79,1538.91,1,275,monthly,mailed_check,0
CUST-000949,20,112.5,2344.81,1,292,monthly,credit_card,0
CUST-000950,6,115.19,756.37,1,118,one_year,credit_card,1
CUST-000951,22,21.21,433.56,1,364,monthly,mailed_check,0
CUST-000952,44,96.3,4022.16,2,104,monthly,credit_card,0
CUST-000953,31,117.02,3941.37,0,419,monthly,bank_transfer,1
CUST-000954,57,110.59,6468.32,2,217,monthly,credit_card,0
CUST-000955,44,117.07,4675.17,0,210,one_year,auto_pay,0
CUST-000956,29,75.03,1991.94,0,200,one_year,credit_card,0
CUST-000957,46,27.82,1352.78,3,217,monthly,bank_transfer,0
CUST-000958,70,104.98,7447.77,2,336,monthly,bank_transfer,0
CUST-000959,30,81.38,2473.34,0,253,monthly,auto_pay,0
CUST-000960,11,81.47,964.25,2,72,monthly,bank_transfer,0
CUST-000961,29,61.73,1697.47,2,287,monthly,credit_card,0
CUST-000962,61,77.18,4388.24,1,140,two_year,bank_transfer,0
CUST-000963,15,35.36,542.47,2,63,monthly,bank_transfer,0
CUST-000964,69,93.98,6980.59,0,421,monthly,bank_transfer,0
CUST-000965,42,27.5,1100.77,3,163,monthly,auto_pay,0
CUST-000966,43,92.98,4143.11,6,301,one_year,bank_transfer,0
CUST-000967,23,104.9,2244.96,1,94,monthly,bank_transfer,1
CUST-000968,67,67.25,4210.09,2,176,two_year,mailed_check,0
CUST-000969,2,70.98,153.36,0,199,monthly,bank_transfer,1
CUST-000970,21,51.22,993.44,5,75,one_year,bank_transfer,1
CUST-000971,30,116.95,3174.73,1,486,one_year,credit_card,1
CUST-000972,34,93.31,3346.99,1,162,monthly,auto_pay,0
CUST-000973,34,56.9,1881.4,3,295,monthly,auto_pay,0
CUST-000974,10,37.48,367.05,1,287,monthly,auto_pay,1
CUST-000975,16,41.96,711.62,1,220,one_year,credit_card,1
CUST-000976,6,66.39,372.84,2,296,two_year,bank_transfer,0
CUST-000977,41,114.26,4825.51,1,287,monthly,bank_transfer,0
CUST-000978,25,93.41,2248.16,0,49,monthly,mailed_check,1
CUST-000979,41,41.52,1567.59,0,337,monthly,bank_transfer,0
CUST-000980,43,105.96,4727.14,3,65,monthly,bank_transfer,1
CUST-000981,51,57.82,2841.87,2,223,one_year,bank_transfer,0
CUST-000982,39,105.17,4402.36,1,188,monthly,mailed_check,0
CUST-000983,47,44.17,2249.97,2,229,monthly,auto_pay,0
CUST-000984,42,81.87,3678.59,1,45,two_year,mailed_check,0
CUST-000985,47,112.67,5107.34,1,353,one_year,bank_transfer,0
CUST-000986,45,45.79,1951.99,2,215,one_year,mailed_check,0
CUST-000987,23,89.29,2215.01,0,39,monthly,mailed_check,1
CUST-000988,17,118.73,1999.42,1,11,two_year,auto_pay,0
CUST-000989,57,35.06,2081.45,1,274,one_year,auto_pay,1
CUST-000990,25,28.84,768.18,1,336,monthly,mailed_check,0
CUST-000991,40,87.42,3341.32,2,278,monthly,mailed_check,0
CUST-000992,14,53.97,698.02,1,363,two_year,bank_transfer,0
CUST-000993,31,27.12,861.71,1,380,monthly,auto_pay,0
CUST-000994,38,67.53,2612.43,2,437,one_year,bank_transfer,0
CUST-000995,45,95.38,4094.84,6,491,one_year,credit_card,0
CUST-000996,38,48.51,1874.61,2,443,one_year,bank_transfer,0
CUST-000997,26,53.5,1471.78,1,399,one_year,mailed_check,0
CUST-000998,70,104.57,7100.32,1,221,two_year,mailed_check,0
CUST-000999,37,72.01,2527.06,1,256,monthly,mailed_check,1
CUST-001000,59,104.27,6428.77,0,311,monthly,mailed_check,0
CUST-001001,53,64.64,3621.79,4,93,one_year,auto_pay,0
CUST-001002,40,115.3,5031.04,2,342,monthly,mailed_check,0
CUST-001003,64,85.08,5061.33,1,298,one_year,credit_card,0
CUST-001004,9,31.59,306.44,2,264,one_year,bank_transfer,0
CUST-001005,67,108.51,7655.63,2,418,monthly,credit_card,0
CUST-001006,62,68.93,4446.23,1,346,one_year,mailed_check,0
CUST-001007,36,34.16,1183.78,0,466,monthly,auto_pay,0
CUST-001008,53,35.27,1690.68,1,488,two_year,mailed_check,0
CUST-001009,37,88.75,3288.71,0,414,monthly,bank_transfer,0
CUST-001010,19,24.74,449.92,1,155,one_year,bank_transfer,0
CUST-001011,58,48.66,2703.64,2,102,two_year,auto_pay,0
CUST-001012,17,33.98,627.01,1,156,monthly,auto_pay,0
CUST-001013,22,64.11,1312.53,1,359,monthly,bank_transfer,0
CUST-001014,37,61.44,2470.71,1,433,monthly,bank_transfer,0
CUST-001015,61,72.19,4406.94,1,441,one_year,auto_pay,0
CUST-001016,28,47.96,1433.73,0,345,monthly,credit_card,0
CUST-001017,36,23.2,799.05,3,343,monthly,credit_card,1
CUST-001018,3,81.44,250.86,0,476,two_year,credit_card,0
CUST-001019,8,57.37,464.15,1,346,monthly,credit_card,1
CUST-001020,4,85.13,369.41,3,79,monthly,credit_card,0
CUST-001021,5,30.87,144.45,2,255,one_year,credit_card,0
CUST-001022,63,21.38,1267.35,1,185,monthly,credit_card,0
CUST-001023,61,44.83,2980.18,2,322,monthly,mailed_check,0
CUST-001024,59,65.65,3561.91,2,321,two_year,credit_card,0
CUST-001025,4,59.41,244.04,1,154,one_year,auto_pay,0
CUST-001026,5,101.03,460.75,1,156,monthly,credit_card,0
CUST-001027,20,57.78,1057.83,2,53,one_year,mailed_check,0
CUST-001028,41,73.04,3052.83,0,153,monthly,credit_card,0
CUST-001029,24,79.35,1923.97,2,415,monthly,auto_pay,0
CUST-001030,35,22.18,787.64,0,331,one_year,auto_pay,0
CUST-001031,12,71.51,853.6,2,472,monthly,mailed_check,0
CUST-001032,53,54.48,3027.4,0,463,monthly,auto_pay,0
CUST-001033,22,62.13,1501.41,1,429,two_year,auto_pay,0
CUST-001034,4,30.03,114.73,0,98,monthly,mailed_check,0
CUST-001035,54,98.28,5119.71,0,173,monthly,mailed_check,0
CUST-001036,65,114.24,7162.81,2,38,monthly,bank_transfer,0
CUST-001037,1,22.23,23.4,2,55,one_year,mailed_check,1
CUST-001038,31,80.14,2408.82,2,123,one_year,mailed_check,0
CUST-001039,60,96.38,5987.21,4,147,two_year,auto_pay,0
CUST-001040,51,48.48,2445.72,2,17,monthly,mailed_check,1
CUST-001041,62,98.76,6255.14,1,422,one_year,credit_card,0
CUST-001042,30,83.24,2661.52,1,268,one_year,auto_pay,0
CUST-001043,27,112.92,3057.41,3,331,monthly,auto_pay,0
CUST-001044,51,118.1,5993.19,1,330,monthly,mailed_check,0
CUST-001045,11,24.23,254.11,3,483,one_year,credit_card,0
CUST-001046,17,64.49,1099.82,1,82,monthly,mailed_check,0
CUST-001047,43,74.7,3059.47,1,177,one_year,credit_card,0
CUST-001048,48,34.67,1778.51,2,161,monthly,bank_transfer,0
CUST-001049,8,53.63,419.5,2,280,monthly,auto_pay,0
CUST-001050,37,118.76,4068.17,2,267,two_year,bank_transfer,0
CUST-001051,26,21.62,532.89,0,397,one_year,mailed_check,0
CUST-001052,36,65.25,2365.25,2,284,monthly,mailed_check,0
CUST-001053,69,104.27,7793.64,0,124,one_year,credit_card,0
CUST-001054,5,52.39,251.5,0,286,monthly,bank_transfer,0
CUST-001055,72,67.98,4663.91,1,482,one_year,credit_card,0
CUST-001056,32,117.8,3699.15,0,293,monthly,auto_pay,0
CUST-001057,56,67.49,4133.01,2,300,monthly,mailed_check,1
CUST-001058,30,33.09,1061.24,0,96,monthly,auto_pay,0
CUST-001059,22,25.17,514.94,5,13,monthly,credit_card,1
CUST-001060,56,114.54,6560.17,2,112,monthly,credit_card,0
CUST-001061,50,46.58,2464.95,2,22,monthly,credit_card,0
CUST-001062,10,70.41,741.84,2,231,two_year,bank_transfer,1
CUST-001063,51,29.07,1479.26,2,442,monthly,auto_pay,0
CUST-001064,54,62.37,3524.14,3,228,monthly,credit_card,0
CUST-001065,28,113.01,3217.18,2,326,monthly,mailed_check,0
CUST-001066,67,70.24,4425.08,0,429,one_year,bank_transfer,0
CUST-001067,46,117.11,4908.75,4,383,monthly,auto_pay,1
CUST-001068,24,45.88,1072.38,2,328,monthly,auto_pay,1
CUST-001069,0,70.45,0.0,0,394,one_year,auto_pay,0
CUST-001070,49,105.95,5082.54,1,147,monthly,bank_transfer,0
CUST-001071,15,64.83,1036.41,2,216,two_year,bank_transfer,0
CUST-001072,55,47.95,2818.85,2,205,monthly,bank_transfer,1
CUST-001073,38,105.55,3637.14,0,401,one_year,credit_card,0
CUST-001074,34,58.99,1832.99,1,210,monthly,bank_transfer,1
CUST-001075,11,73.07,831.08,2,469,one_year,mailed_check,0
CUST-001076,51,117.65,6000.15,3,101,one_year,mailed_check,0
CUST-001077,12,38.65,431.27,1,94,monthly,mailed_check,1
CUST-001078,30,50.14,1596.12,0,360,monthly,bank_transfer,0
CUST-001079,61,23.11,1329.78,1,384,monthly,bank_transfer,0
CUST-001080,67,59.18,3630.53,0,342,monthly,credit_card,0
CUST-001081,72,40.02,3025.23,1,160,two_year,bank_transfer,0
CUST-001082,69,88.0,6203.31,1,14,one_year,auto_pay,0
CUST-001083,40,38.13,1493.0,1,167,one_year,bank_transfer,0
CUST-001084,14,87.48,1271.93,3,238,two_year,auto_pay,0
CUST-001085,61,46.35,3059.97,1,212,one_year,credit_card,0
CUST-001086,58,55.52,2920.16,0,461,one_year,bank_transfer,0
CUST-001087,72,54.89,4053.0,1,433,monthly,bank_transfer,0
CUST-001088,47,91.68,4066.08,3,389,monthly,bank_transfer,1
CUST-001089,10,66.65,663.05,1,20,monthly,credit_card,0
CUST-001090,36,56.13,1989.96,2,72,monthly,bank_transfer,0
CUST-001091,32,105.26,3294.2,2,222,monthly,mailed_check,0
CUST-001092,61,77.2,4417.56,1,314,monthly,mailed_check,0
CUST-001093,28,41.38,1228.77,0,343,monthly,bank_transfer,1
CUST-001094,23,110.01,2469.26,1,155,monthly,bank_transfer,0
CUST-001095,5,54.27,292.36,5,64,monthly,auto_pay,1
CUST-001096,60,23.9,1392.32,3,170,monthly,bank_transfer,0
CUST-001097,55,69.46,4079.86,2,398,monthly,auto_pay,0
CUST-001098,3,32.39,98.03,2,493,monthly,bank_transfer,0
CUST-001099,31,43.85,1328.25,2,471,one_year,mailed_check,0
CUST-001100,35,94.71,3450.12,0,300,one_year,auto_pay,0
CUST-001101,34,33.08,1189.2,0,54,monthly,mailed_check,0
CUST-001102,67,100.69,6722.88,3,484,monthly,mailed_check,1
CUST-001103,10,113.69,1119.94,3,84,monthly,bank_transfer,1
CUST-001104,22,80.65,1801.77,0,141,monthly,bank_transfer,0
CUST-001105,13,91.04,1203.68,2,487,monthly,credit_card,1
CUST-001106,17,91.36,1529.97,1,256,two_year,auto_pay,1
CUST-001107,66,119.28,8278.17,0,106,monthly,auto_pay,0
CUST-001108,68,54.15,3608.35,2,256,monthly,bank_transfer,0
CUST-001109,3,36.29,107.85,2,48,one_year,credit_card,0
CUST-001110,46,71.92,3378.01,4,164,monthly,mailed_check,0
CUST-001111,16,73.32,1287.35,0,476,monthly,credit_card,1
CUST-001112,14,37.79,503.74,0,156,monthly,auto_pay,1
CUST-001113,21,81.31,1615.97,2,447,two_year,credit_card,0
CUST-001114,14,21.41,280.37,0,276,monthly,credit_card,1
CUST-001115,35,112.77,4096.5,1,331,one_year,mailed_check,0
CUST-001116,72,46.46,3311.06,0,354,one_year,auto_pay,0
CUST-001117,42,23.96,983.9,4,280,monthly,credit_card,0
CUST-001118,52,30.82,1507.79,2,26,one_year,credit_card,0
CUST-001119,36,44.02,1708.69,3,460,monthly,bank_transfer,1
CUST-001120,1,47.39,46.85,4,242,monthly,auto_pay,0
CUST-001121,6,23.28,142.69,4,331,monthly,bank_transfer,0
CUST-001122,19,47.94,840.27,0,281,two_year,mailed_check,0
CUST-001123,17,39.29,615.56,0,332,monthly,auto_pay,1
CUST-001124,61,57.86,3224.06,3,183,monthly,auto_pay,0
CUST-001125,61,58.52,3475.01,2,423,two_year,bank_transfer,0
CUST-001126,62,53.9,3323.68,0,119,monthly,auto_pay,0
CUST-001127,46,52.79,2304.29,1,330,two_year,mailed_check,0
CUST-001128,40,28.97,1123.96,1,293,one_year,credit_card,0
CUST-001129,47,22.52,953.92,0,256,one_year,auto_pay,0
CUST-001130,29,40.21,1131.36,0,20,one_year,mailed_check,0
CUST-001131,48,95.66,4241.95,4,200,one_year,bank_transfer,0
CUST-001132,57,119.08,6283.09,1,33,monthly,mailed_check,0
CUST-001133,55,112.85,5591.67,2,256,two_year,bank_transfer,0
CUST-001134,44,70.42,3220.18,1,347,two_year,credit_card,0
CUST-001135,4,73.18,317.97,1,266,two_year,mailed_check,0
CUST-001136,52,51.46,2740.97,0,380,one_year,bank_transfer,0
CUST-001137,26,97.39,2327.65,3,186,monthly,mailed_check,1
CUST-001138,54,96.48,5720.13,4,160,monthly,bank_transfer,1
CUST-001139,39,104.43,4460.16,4,229,monthly,bank_transfer,1
CUST-001140,64,109.55,6966.66,2,122,monthly,auto_pay,1
CUST-001141,24,63.43,1402.93,0,402,one_year,bank_transfer,0
CUST-001142,67,96.69,6764.23,4,406,one_year,mailed_check,0
CUST-001143,61,100.64,6705.63,1,214,monthly,credit_card,0
CUST-001144,24,50.85,1288.42,3,398,monthly,credit_card,1
CUST-001145,35,112.92,4050.37,3,22,one_year,credit_card,0
CUST-001146,38,29.43,1143.13,2,85,monthly,bank_transfer,0
CUST-001147,56,119.43,7327.35,3,148,two_year,credit_card,0
CUST-001148,50,97.01,4436.38,1,200,one_year,bank_transfer,1
CUST-001149,62,29.33,1691.01,1,123,monthly,credit_card,0
CUST-001150,27,85.62,2464.69,3,260,monthly,mailed_check,0
CUST-001151,36,23.42,783.28,1,398,one_year,credit_card,0
CUST-001152,31,97.02,2937.42,1,233,monthly,mailed_check,0
CUST-001153,66,99.92,6306.53,3,230,one_year,mailed_check,0
CUST-001154,22,80.24,1674.7,1,39,monthly,auto_pay,1
CUST-001155,42,105.69,4017.92,1,147,monthly,mailed_check,1
CUST-001156,8,29.79,241.48,2,405,monthly,mailed_check,0
CUST-001157,62,47.59,2892.3,0,407,one_year,mailed_check,0
CUST-001158,28,61.42,1737.5,1,61,two_year,auto_pay,0
CUST-001159,24,24.25,559.24,1,19,two_year,auto_pay,0
CUST-001160,42,64.82,2962.81,3,417,monthly,bank_transfer,1
CUST-001161,36,46.52,1705.32,0,95,one_year,auto_pay,0
CUST-001162,61,59.27,3948.97,3,291,monthly,bank_transfer,0
CUST-001163,38,62.51,2304.12,1,415,one_year,credit_card,0
CUST-001164,37,107.94,3596.23,3,395,two_year,mailed_check,0
CUST-001165,7,47.03,347.73,1,279,monthly,auto_pay,0
CUST-001166,1,109.37,116.53,0,194,two_year,auto_pay,0
CUST-001167,29,62.6,1655.17,3,389,monthly,bank_transfer,0
CUST-001168,72,52.78,3895.44,2,350,monthly,mailed_check,0
CUST-001169,66,70.25,4785.81,0,420,monthly,auto_pay,0
CUST-001170,45,61.77,2582.7,1,261,two_year,credit_card,0
CUST-001171,46,45.74,2126.14,0,471,monthly,mailed_check,0
CUST-001172,28,70.27,1866.51,0,387,one_year,mailed_check,0
CUST-001173,12,35.18,381.33,0,41,monthly,mailed_check,0
CUST-001174,0,55.19,0.0,2,154,one_year,bank_transfer,0
CUST-001175,24,76.58,1834.87,1,401,one_year,credit_card,0
CUST-001176,23,61.34,1490.31,1,66,monthly,credit_card,1
CUST-001177,13,102.39,1390.41,3,357,one_year,auto_pay,0
CUST-001178,18,45.67,903.23,1,176,one_year,mailed_check,0
CUST-001179,1,116.98,115.53,1,111,monthly,credit_card,1
CUST-001180,44,98.47,4269.9,4,274,monthly,auto_pay,1
CUST-001181,67,116.76,7481.46,1,466,monthly,credit_card,0
CUST-001182,50,103.81,5320.42,2,449,two_year,mailed_check,0
CUST-001183,32,34.21,1091.68,1,208,one_year,credit_card,0
CUST-001184,30,72.65,2279.22,0,11,one_year,mailed_check,0
CUST-001185,22,37.0,790.64,3,444,one_year,credit_card,0
CUST-001186,10,101.82,943.03,1,449,one_year,bank_transfer,1
CUST-001187,43,78.42,3616.49,0,306,monthly,auto_pay,0
CUST-001188,41,46.34,2024.59,1,317,monthly,mailed_check,0
CUST-001189,0,112.96,0.0,1,268,one_year,bank_transfer,0
CUST-001190,30,31.52,981.6,1,16,monthly,mailed_check,0
CUST-001191,20,76.39,1525.48,3,88,monthly,credit_card,1
CUST-001192,12,92.1,1162.89,1,80,one_year,bank_transfer,1
CUST-001193,51,25.88,1290.88,2,458,two_year,mailed_check,0
CUST-001194,38,79.79,3053.63,0,34,one_year,bank_transfer,1
CUST-001195,46,101.59,4259.86,3,282,monthly,auto_pay,1
CUST-001196,52,26.75,1300.56,2,187,two_year,bank_transfer,0
CUST-001197,71,71.22,5341.58,1,12,monthly,bank_transfer,0
CUST-001198,58,45.86,2596.88,1,460,monthly,mailed_check,0
CUST-001199,45,86.29,3522.01,2,18,two_year,auto_pay,0
CUST-001200,64,31.87,1904.1,2,429,one_year,auto_pay,0
CUST-001201,34,113.71,3797.79,1,391,two_year,auto_pay,0
CUST-001202,71,109.47,8111.11,1,398,one_year,mailed_check,0
CUST-001203,55,38.6,2065.04,2,89,one_year,bank_transfer,0
CUST-001204,47,52.33,2580.12,1,441,monthly,mailed_check,0
CUST-001205,65,78.76,5486.01,1,303,monthly,auto_pay,0
CUST-001206,37,91.81,3289.04,2,206,two_year,mailed_check,0
CUST-001207,52,64.27,3542.81,0,343,two_year,mailed_check,0
CUST-001208,20,35.63,659.42,1,177,monthly,credit_card,1
CUST-001209,70,30.42,2093.32,0,146,monthly,bank_transfer,0
CUST-001210,45,119.98,4964.54,0,151,monthly,bank_transfer,0
CUST-001211,57,65.54,3401.45,1,288,monthly,bank_transfer,1
CUST-001212,33,107.25,3231.0,1,304,two_year,bank_transfer,0
CUST-001213,63,68.24,3959.28,1,127,monthly,credit_card,0
CUST-001214,5,112.24,598.88,2,130,monthly,mailed_check,1
CUST-001215,8,28.78,232.25,0,473,two_year,mailed_check,0
CUST-001216,37,31.4,1265.76,3,262,monthly,auto_pay,1
CUST-001217,53,112.96,6032.38,2,431,monthly,bank_transfer,0
CUST-001218,59,114.75,6944.53,2,171,monthly,mailed_check,0
CUST-001219,32,51.47,1543.11,2,151,monthly,bank_transfer,0
CUST-001220,47,55.52,2630.62,1,148,monthly,bank_transfer,0
CUST-001221,40,65.25,2550.13,2,269,monthly,mailed_check,0
CUST-001222,70,61.62,4685.59,0,391,monthly,mailed_check,0
CUST-001223,47,39.0,1992.08,4,255,monthly,auto_pay,0
CUST-001224,30,109.84,3096.5,4,154,monthly,credit_card,1
CUST-001225,70,45.33,3249.34,0,480,monthly,credit_card,0
CUST-001226,7,90.53,651.22,1,290,two_year,mailed_check,0
CUST-001227,71,26.72,1920.85,0,203,monthly,bank_transfer,0
CUST-001228,11,23.88,242.94,3,14,monthly,auto_pay,1
CUST-001229,21,85.37,1847.99,3,285,two_year,bank_transfer,0
CUST-001230,59,53.9,3370.32,1,314,monthly,bank_transfer,0
CUST-001231,53,85.55,4393.8,0,465,monthly,mailed_check,0
CUST-001232,70,29.4,2063.99,0,123,one_year,auto_pay,0
CUST-001233,54,114.99,5732.98,5,89,one_year,bank_transfer,0
CUST-001234,46,94.85,4738.93,3,499,monthly,bank_transfer,0
CUST-001235,25,107.63,2480.62,0,279,one_year,credit_card,0
CUST-001236,0,33.65,0.0,1,23,one_year,auto_pay,0
CUST-001237,9,52.02,449.31,1,61,monthly,auto_pay,0
CUST-001238,21,56.83,1271.19,0,242,monthly,credit_card,0
CUST-001239,2,73.72,153.36,0,312,monthly,bank_transfer,1
CUST-001240,37,49.69,1657.26,4,129,one_year,auto_pay,1
CUST-001241,56,26.06,1367.0,1,189,monthly,credit_card,0
CUST-001242,70,56.89,4181.54,0,370,monthly,mailed_check,0
CUST-001243,35,45.45,1560.15,3,484,monthly,mailed_check,0
CUST-001244,63,58.59,3341.4,1,250,two_year,auto_pay,0
CUST-001245,71,39.7,3080.23,1,213,monthly,credit_card,1
CUST-001246,62,46.19,2664.02,2,186,monthly,auto_pay,1
CUST-001247,33,82.7,2734.81,1,76,monthly,mailed_check,0
CUST-001248,23,58.82,1284.76,0,35,one_year,credit_card,1
CUST-001249,71,54.54,4056.25,0,418,monthly,mailed_check,0
CUST-001250,17,73.39,1316.68,4,28,two_year,mailed_check,1
CUST-001251,30,97.19,2855.77,0,412,monthly,credit_card,1
CUST-001252,5,57.89,298.62,1,131,monthly,credit_card,1
CUST-001253,57,78.75,4856.0,2,350,monthly,auto_pay,0
CUST-001254,47,116.62,5826.24,1,476,monthly,mailed_check,1
CUST-001255,6,72.2,425.83,1,376,monthly,mailed_check,1
CUST-001256,16,110.98,1754.9,0,367,one_year,auto_pay,0
CUST-001257,40,99.37,4282.35,0,139,monthly,auto_pay,0
CUST-001258,39,25.87,914.97,3,303,one_year,auto_pay,0
CUST-001259,58,62.91,3300.55,0,324,monthly,auto_pay,0
CUST-001260,19,89.83,1606.34,1,218,one_year,mailed_check,0
CUST-001261,67,118.67,8471.87,0,28,monthly,credit_card,0
CUST-001262,32,65.84,1960.75,1,457,monthly,credit_card,0
CUST-001263,60,29.28,1681.36,0,106,monthly,credit_card,0
CUST-001264,17,76.2,1328.84,2,486,two_year,mailed_check,0
CUST-001265,2,32.66,61.19,2,466,two_year,auto_pay,0
CUST-001266,4,95.15,365.61,0,19,one_year,credit_card,0
CUST-001267,27,70.77,1898.15,3,372,two_year,credit_card,0
CUST-001268,69,92.34,6024.99,0,320,monthly,bank_transfer,0
CUST-001269,3,106.94,352.42,2,123,monthly,credit_card,1
CUST-001270,26,82.89,2010.08,1,408,monthly,auto_pay,1
CUST-001271,7,81.24,608.48,5,64,two_year,bank_transfer,0
CUST-001272,68,95.46,6452.46,1,131,monthly,bank_transfer,0
CUST-001273,49,104.25,4729.34,0,474,monthly,credit_card,0
CUST-001274,55,106.91,5431.39,1,373,one_year,auto_pay,0
CUST-001275,52,23.64,1229.35,3,64,monthly,mailed_check,0
CUST-001276,47,75.62,3450.02,0,80,one_year,auto_pay,0
CUST-001277,56,41.63,2207.54,1,135,monthly,mailed_check,0
CUST-001278,0,106.03,0.0,0,44,one_year,mailed_check,0
CUST-001279,63,84.84,5305.77,2,99,two_year,mailed_check,0
CUST-001280,54,62.02,3636.3,0,290,one_year,auto_pay,0
CUST-001281,53,38.81,1918.7,1,13,monthly,credit_card,0
CUST-001282,28,53.9,1413.66,0,150,monthly,bank_transfer,0
CUST-001283,58,90.38,5342.72,1,163,monthly,bank_transfer,1
CUST-001284,27,40.44,1041.63,1,485,monthly,auto_pay,0
CUST-001285,3,29.36,82.53,1,487,one_year,mailed_check,0
CUST-001286,66,108.8,6598.7,1,424,monthly,auto_pay,0
CUST-001287,17,96.42,1500.23,1,177,monthly,bank_transfer,1
CUST-001288,7,39.98,294.03,0,268,monthly,mailed_check,0
CUST-001289,45,49.23,2118.83,1,257,two_year,auto_pay,0
CUST-001290,17,117.21,2183.23,0,431,monthly,mailed_check,1
CUST-001291,62,90.82,5273.98,0,375,monthly,auto_pay,0
CUST-001292,32,81.05,2518.1,3,454,monthly,auto_pay,0
CUST-001293,0,50.76,0.0,2,280,monthly,bank_transfer,1
CUST-001294,69,49.91,3443.9,2,460,two_year,bank_transfer,0
CUST-001295,37,23.95,951.84,1,374,monthly,bank_transfer,1
CUST-001296,19,92.85,1882.27,0,372,one_year,bank_transfer,0
CUST-001297,49,24.32,1074.88,1,334,one_year,auto_pay,0
CUST-001298,38,20.49,764.49,0,174,one_year,bank_transfer,0
CUST-001299,2,92.95,198.09,3,308,one_year,credit_card,0
CUST-001300,55,114.89,5687.3,3,184,one_year,credit_card,0
CUST-001301,29,95.65,2792.51,1,328,monthly,mailed_check,1
CUST-001302,51,67.16,3260.39,3,134,monthly,bank_transfer,1
CUST-001303,65,68.6,4381.21,1,401,one_year,auto_pay,0
CUST-001304,44,63.61,2754.23,3,289,one_year,mailed_check,0
CUST-001305,49,52.46,2514.89,1,357,monthly,credit_card,0
CUST-001306,18,72.17,1400.89,3,118,monthly,mailed_check,0
CUST-001307,17,63.12,1080.87,2,397,monthly,auto_pay,1
CUST-001308,30,79.82,2587.96,3,403,monthly,auto_pay,1
CUST-001309,62,109.81,7116.96,0,81,monthly,bank_transfer,0
CUST-001310,38,119.5,4405.79,1,181,monthly,auto_pay,0
CUST-001311,25,27.87,695.85,2,342,monthly,credit_card,0
CUST-001312,56,58.47,3202.19,3,438,one_year,bank_transfer,0
CUST-001313,62,38.07,2515.45,1,371,one_year,mailed_check,0
CUST-001314,65,55.21,3364.43,0,241,one_year,bank_transfer,0
CUST-001315,21,48.75,1113.11,2,156,one_year,auto_pay,0
CUST-001316,51,37.45,1940.67,0,455,monthly,mailed_check,0
CUST-001317,43,96.41,4238.29,1,438,monthly,auto_pay,0
CUST-001318,32,69.63,2235.65,2,449,one_year,bank_transfer,0
CUST-001319,28,111.92,3167.92,1,159,one_year,mailed_check,0
CUST-001320,8,23.26,192.32,2,223,one_year,mailed_check,0
CUST-001321,20,26.7,550.56,1,129,one_year,auto_pay,0
CUST-001322,40,60.33,2275.24,0,477,one_year,credit_card,0
CUST-001323,64,28.03,1823.5,1,434,one_year,bank_transfer,0
CUST-001324,63,46.27,2830.26,1,94,one_year,bank_transfer,0
CUST-001325,13,118.6,1584.05,1,131,one_year,credit_card,0
CUST-001326,49,40.9,2023.27,1,280,monthly,bank_transfer,0
CUST-001327,6,39.81,223.56,3,213,monthly,credit_card,1
CUST-001328,49,77.36,3968.6,1,235,monthly,auto_pay,0
CUST-001329,24,69.8,1660.8,3,190,monthly,bank_transfer,0
CUST-001330,32,78.04,2522.97,1,340,one_year,auto_pay,0
CUST-001331,52,57.67,3102.39,0,450,monthly,bank_transfer,0
CUST-001332,31,102.68,3280.4,1,459,monthly,auto_pay,0
CUST-001333,58,33.86,2061.65,0,233,one_year,auto_pay,0
CUST-001334,38,62.84,2247.87,3,415,monthly,credit_card,1
CUST-001335,72,88.98,5907.35,1,350,one_year,bank_transfer,0
CUST-001336,46,106.82,5079.98,1,106,monthly,auto_pay,0
CUST-001337,21,56.96,1133.0,3,399,monthly,auto_pay,0
CUST-001338,56,76.77,3967.75,1,181,monthly,credit_card,0
CUST-001339,29,26.91,722.83,1,317,monthly,mailed_check,0
CUST-001340,38,37.03,1354.46,0,363,monthly,credit_card,0
CUST-001341,9,26.91,266.01,3,472,monthly,mailed_check,1
CUST-001342,8,92.79,691.44,1,474,monthly,auto_pay,0
CUST-001343,41,48.81,1920.58,0,403,monthly,bank_transfer,1
CUST-001344,13,92.37,1301.85,1,257,one_year,credit_card,1
CUST-001345,72,26.64,2095.81,1,206,monthly,mailed_check,0
CUST-001346,62,106.25,6230.25,0,226,monthly,auto_pay,0
CUST-001347,51,103.55,5682.89,1,475,monthly,mailed_check,0
CUST-001348,53,28.89,1420.59,2,110,two_year,mailed_check,0
CUST-001349,43,22.38,1012.68,1,267,one_year,credit_card,0
CUST-001350,4,25.63,92.53,1,342,two_year,auto_pay,0
CUST-001351,28,105.36,2894.98,4,21,two_year,bank_transfer,1
CUST-001352,36,43.47,1485.84,5,321,monthly,mailed_check,0
CUST-001353,66,74.83,5140.29,3,137,one_year,credit_card,0
CUST-001354,16,62.62,904.95,1,147,monthly,credit_card,0
CUST-001355,36,99.55,3558.64,2,314,two_year,auto_pay,0
CUST-001356,25,68.89,1790.01,1,14,monthly,auto_pay,0
CUST-001357,9,70.07,573.46,2,86,monthly,auto_pay,1
CUST-001358,7,118.91,898.53,1,232,two_year,bank_transfer,0
CUST-001359,26,35.01,884.99,2,296,one_year,bank_transfer,0
CUST-001360,6,103.07,577.02,2,63,two_year,mailed_check,1
CUST-001361,4,25.17,95.15,2,187,monthly,mailed_check,1
CUST-001362,25,67.76,1639.42,1,160,monthly,mailed_check,0
CUST-001363,14,108.63,1429.08,1,271,monthly,bank_transfer,1
CUST-001364,40,86.52,3468.12,1,157,monthly,mailed_check,0
CUST-001365,1,88.52,90.87,2,10,monthly,bank_transfer,1
CUST-001366,22,46.33,1005.69,1,269,monthly,mailed_check,0
CUST-001367,33,61.86,2011.59,3,425,one_year,mailed_check,0
CUST-001368,70,56.66,4189.66,1,296,monthly,credit_card,0
CUST-001369,46,72.14,3186.38,1,187,one_year,mailed_check,0
CUST-001370,64,66.22,4342.14,5,246,two_year,auto_pay,0
CUST-001371,25,52.69,1420.77,3,78,one_year,mailed_check,0
CUST-001372,32,50.55,1527.5,4,125,monthly,auto_pay,1
CUST-001373,30,45.09,1385.14,1,224,monthly,credit_card,0
CUST-001374,64,56.5,3939.97,2,300,monthly,mailed_check,1
CUST-001375,70,34.99,2463.9,1,248,one_year,credit_card,0
CUST-001376,70,107.21,8220.49,2,481,monthly,mailed_check,0
CUST-001377,54,80.21,4166.79,2,322,monthly,credit_card,1
CUST-001378,36,33.38,1217.13,0,21,two_year,mailed_check,0
CUST-001379,39,89.39,3354.46,3,267,one_year,bank_transfer,0
CUST-001380,71,104.77,6700.34,2,295,one_year,credit_card,0
CUST-001381,20,43.75,962.03,0,31,monthly,credit_card,1
CUST-001382,25,35.06,830.93,2,198,two_year,bank_transfer,0
CUST-001383,65,20.86,1484.2,3,437,monthly,mailed_check,0
CUST-001384,28,24.73,713.63,1,184,monthly,mailed_check,0
CUST-001385,17,96.23,1768.07,2,233,two_year,auto_pay,1
CUST-001386,40,118.72,5192.53,1,118,two_year,auto_pay,0
CUST-001387,23,24.49,570.91,0,47,monthly,bank_transfer,1
CUST-001388,65,94.81,6778.53,1,165,monthly,mailed_check,0
CUST-001389,66,27.19,1890.49,0,388,monthly,bank_transfer,0
CUST-001390,22,79.21,1750.92,3,491,one_year,mailed_check,0
CUST-001391,38,95.61,3745.77,2,333,one_year,bank_transfer,0
CUST-001392,71,55.92,3727.55,0,417,monthly,bank_transfer,0
CUST-001393,54,21.09,1027.49,0,328,monthly,bank_transfer,0
CUST-001394,15,79.52,1134.78,1,332,one_year,auto_pay,0
CUST-001395,43,119.12,5055.54,2,219,one_year,auto_pay,0
CUST-001396,45,45.76,1947.2,1,39,monthly,mailed_check,0
CUST-001397,47,38.95,1835.79,0,211,one_year,credit_card,0
CUST-001398,1,32.39,33.41,3,433,two_year,credit_card,1
CUST-001399,21,75.53,1635.55,0,272,monthly,mailed_check,0
CUST-001400,62,79.64,5326.54,1,383,one_year,mailed_check,0
CUST-001401,17,99.23,1844.24,2,34,one_year,credit_card,1
CUST-001402,21,95.31,2157.91,3,108,monthly,mailed_check,1
CUST-001403,23,109.25,2573.14,0,156,two_year,bank_transfer,0
CUST-001404,12,100.58,1135.93,0,186,one_year,mailed_check,0
CUST-001405,11,44.73,535.67,1,494,monthly,mailed_check,0
CUST-001406,25,75.59,1766.86,0,236,monthly,auto_pay,1
CUST-001407,63,49.74,2915.16,1,334,one_year,credit_card,0
CUST-001408,0,52.98,0.0,0,325,monthly,mailed_check,1
CUST-001409,20,113.19,2297.13,2,215,monthly,credit_card,1
CUST-001410,4,88.19,365.56,1,483,monthly,bank_transfer,0
CUST-001411,40,117.46,4241.05,3,118,one_year,auto_pay,0
CUST-001412,18,61.69,1172.16,2,26,two_year,credit_card,0
CUST-001413,57,73.74,3929.99,0,375,one_year,bank_transfer,0
CUST-001414,42,68.71,2768.36,2,330,one_year,mailed_check,0
CUST-001415,57,30.73,1689.28,2,137,monthly,credit_card,0
CUST-001416,46,43.67,1941.5,1,435,monthly,bank_transfer,0
CUST-001417,32,72.76,2449.56,3,89,two_year,credit_card,0
CUST-001418,62,26.74,1505.67,2,132,monthly,auto_pay,0
CUST-001419,34,113.15,3613.59,2,85,one_year,credit_card,0
CUST-001420,69,32.38,2020.77,2,101,monthly,bank_transfer,0
CUST-001421,72,39.8,3025.1,4,367,monthly,auto_pay,0
CUST-001422,42,96.53,4446.49,2,354,one_year,credit_card,0
CUST-001423,49,29.69,1501.23,0,324,monthly,credit_card,1
CUST-001424,18,110.03,2016.24,2,431,monthly,mailed_check,1
CUST-001425,59,92.57,5907.37,2,44,monthly,mailed_check,0
CUST-001426,49,26.86,1251.64,4,314,monthly,credit_card,0
CUST-001427,65,89.18,5294.08,1,66,monthly,mailed_check,0
CUST-001428,19,83.16,1583.19,2,478,two_year,bank_transfer,0
CUST-001429,57,95.73,5195.07,1,320,monthly,credit_card,1
CUST-001430,34,102.82,3461.68,1,382,one_year,mailed_check,0
CUST-001431,13,91.84,1183.49,1,289,one_year,bank_transfer,0
CUST-001432,12,78.62,909.26,1,197,monthly,bank_transfer,0
CUST-001433,41,52.25,2136.39,2,346,monthly,credit_card,0
CUST-001434,23,89.73,2014.32,2,419,two_year,mailed_check,0
CUST-001435,7,115.7,747.22,1,97,one_year,bank_transfer,0
CUST-001436,31,78.75,2620.3,3,437,two_year,auto_pay,0
CUST-001437,47,86.43,4225.73,0,366,monthly,credit_card,1
CUST-001438,23,63.71,1330.9,1,52,one_year,mailed_check,0
CUST-001439,69,95.61,6090.15,3,468,one_year,mailed_check,0
CUST-001440,56,119.77,6165.87,2,98,two_year,auto_pay,1
CUST-001441,37,36.04,1216.6,0,304,monthly,bank_transfer,0
CUST-001442,68,40.24,2495.01,0,73,two_year,auto_pay,0
CUST-001443,31,73.94,2134.95,2,106,monthly,bank_transfer,0
CUST-001444,10,68.14,728.81,0,325,one_year,mailed_check,1
CUST-001445,2,77.16,164.45,1,342,monthly,auto_pay,1
CUST-001446,68,24.91,1789.8,2,346,one_year,credit_card,0
CUST-001447,70,60.43,4327.14,0,178,monthly,mailed_check,0
CUST-001448,53,78.3,4335.4,1,411,one_year,credit_card,0
CUST-001449,7,78.52,575.86,0,34,monthly,bank_transfer,1
CUST-001450,21,85.73,1940.51,2,428,monthly,bank_transfer,0
CUST-001451,2,92.02,192.59,1,158,one_year,credit_card,1
CUST-001452,3,84.15,264.39,2,314,one_year,mailed_check,1
CUST-001453,17,99.02,1785.71,1,453,monthly,mailed_check,1
CUST-001454,41,82.48,3419.79,2,135,one_year,credit_card,0
CUST-001455,4,73.75,278.07,1,211,monthly,bank_transfer,1
CUST-001456,71,80.62,5248.4,1,415,one_year,bank_transfer,0
CUST-001457,33,30.12,977.87,0,433,one_year,auto_pay,0
CUST-001458,19,47.32,825.66,2,125,one_year,auto_pay,0
CUST-001459,37,72.74,2513.37,1,259,one_year,auto_pay,0
CUST-001460,57,107.3,5533.65,1,173,monthly,credit_card,0
CUST-001461,22,87.91,1856.74,0,263,monthly,auto_pay,1
CUST-001462,3,29.04,95.31,3,195,one_year,credit_card,1
CUST-001463,3,79.23,231.93,3,12,monthly,credit_card,1
CUST-001464,62,42.17,2479.05,2,463,monthly,mailed_check,1
CUST-001465,8,93.4,732.77,2,322,one_year,credit_card,1
CUST-001466,46,102.74,4538.26,6,236,monthly,credit_card,1
CUST-001467,28,79.35,2299.06,1,62,monthly,bank_transfer,0
CUST-001468,56,79.14,4551.03,0,44,two_year,auto_pay,0
CUST-001469,4,53.86,195.07,3,244,monthly,auto_pay,0
CUST-001470,65,64.63,4210.46,4,328,monthly,credit_card,0
CUST-001471,50,106.41,4826.97,1,137,monthly,mailed_check,1
CUST-001472,32,92.33,3059.37,0,374,monthly,bank_transfer,0
CUST-001473,15,71.98,1173.81,1,202,one_year,auto_pay,0
CUST-001474,71,56.82,4363.0,0,15,one_year,credit_card,0
CUST-001475,22,25.04,518.46,1,273,one_year,mailed_check,1
CUST-001476,35,34.3,1258.76,1,98,monthly,bank_transfer,0
CUST-001477,28,39.3,1164.9,1,17,monthly,mailed_check,0
CUST-001478,16,57.34,984.3,0,73,monthly,bank_transfer,1
CUST-001479,30,114.41,3267.27,0,149,one_year,auto_pay,0
CUST-001480,11,70.52,768.09,1,262,one_year,auto_pay,0
CUST-001481,0,43.48,0.0,1,494,monthly,credit_card,0
CUST-001482,21,30.58,581.08,1,116,one_year,credit_card,0
CUST-001483,8,53.83,444.34,2,38,one_year,bank_transfer,0
CUST-001484,30,101.57,3005.33,1,103,monthly,credit_card,0
CUST-001485,62,58.33,3434.27,1,166,one_year,auto_pay,0
CUST-001486,11,97.25,1144.01,1,110,one_year,credit_card,0
CUST-001487,0,100.27,0.0,3,167,monthly,auto_pay,1
CUST-001488,8,31.08,273.24,2,484,monthly,credit_card,1
CUST-001489,37,80.87,3167.75,3,195,one_year,credit_card,0
CUST-001490,20,115.91,2489.38,0,321,two_year,bank_transfer,0
CUST-001491,35,60.21,2222.55,2,345,one_year,auto_pay,0
CUST-001492,2,25.09,46.23,0,73,one_year,bank_transfer,0
CUST-001493,24,112.33,2461.39,1,131,one_year,bank_transfer,0
CUST-001494,29,108.37,3403.63,1,213,monthly,bank_transfer,1
CUST-001495,31,72.21,2076.53,0,235,monthly,bank_transfer,1
CUST-001496,40,75.23,2943.74,0,16,monthly,bank_transfer,0
CUST-001497,56,41.17,2356.2,0,325,two_year,mailed_check,0
CUST-001498,34,101.95,3266.57,2,157,one_year,auto_pay,0
CUST-001499,61,69.86,4027.32,3,167,two_year,bank_transfer,0
CUST-001500,38,23.39,882.82,2,305,monthly,auto_pay,0
CUST-001501,19,88.3,1631.02,2,474,monthly,auto_pay,1
CUST-001502,16,115.05,1905.81,1,433,one_year,mailed_check,0
CUST-001503,23,102.92,2165.99,1,490,monthly,auto_pay,1
CUST-001504,43,47.72,2047.35,3,212,monthly,credit_card,1
CUST-001505,17,25.33,402.56,2,68,one_year,auto_pay,0
CUST-001506,66,114.04,7687.3,1,115,one_year,mailed_check,0
CUST-001507,35,113.71,3674.37,1,178,one_year,credit_card,0
CUST-001508,63,73.24,4335.09,2,157,monthly,credit_card,0
CUST-001509,49,84.23,4378.12,3,111,monthly,auto_pay,1
CUST-001510,24,66.26,1506.01,1,83,monthly,mailed_check,1
CUST-001511,16,61.98,1038.7,3,101,monthly,bank_transfer,0
CUST-001512,54,31.94,1646.48,1,332,monthly,auto_pay,0
CUST-001513,24,29.68,674.57,0,250,monthly,auto_pay,0
CUST-001514,18,43.27,747.57,3,28,two_year,auto_pay,0
CUST-001515,67,103.66,7474.35,1,286,monthly,credit_card,0
CUST-001516,35,34.58,1185.41,2,422,monthly,bank_transfer,1
CUST-001517,3,42.67,121.45,2,218,monthly,mailed_check,1
CUST-001518,36,74.86,2714.71,2,166,one_year,mailed_check,0
CUST-001519,33,41.51,1338.5,2,143,monthly,mailed_check,0
CUST-001520,63,36.32,2420.96,0,195,monthly,credit_card,0
CUST-001521,51,76.33,4274.67,2,146,monthly,bank_transfer,0
CUST-001522,13,56.81,742.46,4,462,monthly,credit_card,1
CUST-001523,10,82.62,818.23,1,496,one_year,bank_transfer,0
CUST-001524,44,111.22,4740.05,1,178,monthly,mailed_check,0
CUST-001525,3,35.1,115.27,0,462,monthly,bank_transfer,1
CUST-001526,23,111.34,2552.26,1,428,one_year,credit_card,0
CUST-001527,10,110.25,1031.5,0,47,monthly,auto_pay,1
CUST-001528,1,102.91,112.57,1,250,one_year,mailed_check,1
CUST-001529,67,83.13,6083.11,3,331,monthly,auto_pay,0
CUST-001530,6,82.01,485.73,1,216,one_year,mailed_check,0
CUST-001531,0,83.92,0.0,1,233,monthly,auto_pay,0
CUST-001532,68,89.05,6273.92,2,252,monthly,auto_pay,0
CUST-001533,13,21.65,299.97,1,347,monthly,mailed_check,0
CUST-001534,59,115.81,6830.78,0,153,two_year,bank_transfer,0
CUST-001535,2,78.56,151.8,0,302,monthly,bank_transfer,1
CUST-001536,11,98.15,1036.77,0,129,two_year,auto_pay,0
CUST-001537,8,57.73,445.82,0,445,two_year,auto_pay,1
CUST-001538,51,21.24,1000.49,2,51,monthly,bank_transfer,0
CUST-001539,45,70.97,3371.61,1,42,monthly,bank_transfer,0
CUST-001540,34,70.72,2214.51,1,28,monthly,credit_card,1
CUST-001541,17,63.7,1060.88,2,181,two_year,auto_pay,0
CUST-001542,6,53.97,345.51,3,307,one_year,credit_card,0
CUST-001543,41,44.98,1808.81,0,492,monthly,bank_transfer,1
CUST-001544,16,72.75,1116.22,3,232,monthly,bank_transfer,1
CUST-001545,43,57.53,2695.57,3,99,one_year,mailed_check,0
CUST-001546,50,116.99,5412.59,1,190,monthly,bank_transfer,0
CUST-001547,62,37.29,2489.93,3,72,monthly,credit_card,1
CUST-001548,36,51.97,1707.06,1,241,monthly,auto_pay,0
CUST-001549,0,49.4,0.0,1,367,monthly,credit_card,1
CUST-001550,20,74.33,1525.76,2,27,two_year,bank_transfer,0
CUST-001551,62,69.93,4222.97,1,390,one_year,bank_transfer,0
CUST-001552,38,84.37,3228.25,2,121,monthly,credit_card,0
CUST-001553,45,115.0,4868.64,3,339,monthly,mailed_check,0
CUST-001554,33,48.52,1623.27,2,409,one_year,bank_transfer,1
CUST-001555,11,89.28,910.3,3,390,monthly,auto_pay,0
CUST-001556,65,22.5,1549.11,1,338,monthly,mailed_check,0
CUST-001557,56,46.24,2632.83,2,349,monthly,bank_transfer,0
CUST-001558,72,66.37,4761.37,3,101,one_year,mailed_check,0
CUST-001559,62,23.1,1304.64,3,76,two_year,bank_transfer,0
CUST-001560,21,81.77,1717.09,1,196,one_year,mailed_check,0
CUST-001561,18,87.83,1601.04,0,308,monthly,bank_transfer,1
CUST-001562,18,94.67,1624.2,1,312,one_year,credit_card,0
CUST-001563,67,71.66,4971.75,1,390,monthly,mailed_check,0
CUST-001564,40,80.39,2943.41,0,161,two_year,mailed_check,0
CUST-001565,33,59.61,1852.52,4,434,monthly,mailed_check,1
CUST-001566,70,24.13,1769.35,2,230,monthly,credit_card,0
CUST-001567,44,30.0,1226.87,3,130,monthly,mailed_check,0
CUST-001568,66,85.5,5355.83,1,370,monthly,bank_transfer,0
CUST-001569,71,119.56,8744.87,2,72,monthly,mailed_check,0
CUST-001570,5,21.58,112.84,0,208,one_year,mailed_check,0
CUST-001571,26,75.76,1793.07,6,392,one_year,credit_card,1
CUST-001572,53,95.1,4663.88,1,387,one_year,bank_transfer,0
CUST-001573,59,102.68,5992.84,0,135,monthly,bank_transfer,0
CUST-001574,10,74.52,759.03,1,91,monthly,bank_transfer,1
CUST-001575,23,81.99,1868.34,4,25,monthly,auto_pay,1
CUST-001576,40,89.67,3692.3,0,53,monthly,bank_transfer,1
CUST-001577,58,105.9,6456.67,1,414,monthly,auto_pay,0
CUST-001578,8,32.23,281.02,1,393,two_year,auto_pay,0
CUST-001579,43,112.62,4697.26,0,257,two_year,credit_card,0
CUST-001580,21,22.6,442.62,0,289,monthly,credit_card,0
CUST-001581,15,103.62,1480.96,1,170,one_year,auto_pay,0
CUST-001582,37,27.67,951.75,1,104,one_year,credit_card,0
CUST-001583,30,39.46,1158.76,1,15,monthly,credit_card,0
CUST-001584,46,20.39,1007.83,0,339,one_year,auto_pay,0
CUST-001585,23,64.53,1438.79,3,27,monthly,bank_transfer,1
CUST-001586,60,53.44,2981.2,1,61,monthly,credit_card,0
CUST-001587,5,36.6,183.83,1,398,two_year,bank_transfer,0
CUST-001588,62,65.11,4434.0,0,295,one_year,auto_pay,0
CUST-001589,2,60.24,112.97,1,249,monthly,mailed_check,0
CUST-001590,53,96.77,5413.84,0,117,monthly,mailed_check,0
CUST-001591,25,109.31,2909.48,0,83,two_year,auto_pay,0
CUST-001592,27,85.26,2256.6,2,238,monthly,mailed_check,0
CUST-001593,1,32.44,33.22,3,185,two_year,auto_pay,0
CUST-001594,51,49.54,2492.37,3,271,two_year,bank_transfer,0
CUST-001595,12,111.33,1272.46,0,90,monthly,mailed_check,0
CUST-001596,48,28.87,1365.28,0,123,one_year,bank_transfer,0
CUST-001597,52,60.69,2900.44,0,65,one_year,mailed_check,0
CUST-001598,61,114.25,7257.72,0,217,one_year,mailed_check,0
CUST-001599,51,115.07,6254.95,1,145,monthly,bank_transfer,0
CUST-001600,22,61.12,1292.84,2,119,monthly,auto_pay,1
CUST-001601,53,86.74,4658.34,2,279,monthly,mailed_check,0
CUST-001602,60,65.67,3729.12,5,253,one_year,mailed_check,1
CUST-001603,23,95.35,2029.65,3,112,one_year,credit_card,0
CUST-001604,9,23.16,215.26,3,352,one_year,mailed_check,1
CUST-001605,64,34.42,2041.68,1,178,one_year,auto_pay,0
CUST-001606,10,81.42,860.12,3,177,monthly,credit_card,0
CUST-001607,43,43.26,1775.26,1,244,monthly,credit_card,0
CUST-001608,17,86.61,1566.16,2,78,one_year,auto_pay,0
CUST-001609,9,55.12,483.03,2,215,monthly,bank_transfer,1
CUST-001610,56,108.66,5925.34,3,295,one_year,credit_card,0
CUST-001611,10,101.93,1070.38,2,73,monthly,auto_pay,0
CUST-001612,48,69.28,3332.27,1,286,monthly,auto_pay,0
CUST-001613,50,97.29,4573.58,2,29,two_year,credit_card,0
CUST-001614,4,47.11,201.65,2,305,monthly,bank_transfer,1
CUST-001615,12,69.43,806.52,5,27,monthly,bank_transfer,1
CUST-001616,57,39.75,2085.75,2,95,one_year,mailed_check,0
CUST-001617,37,106.09,3859.39,1,181,one_year,auto_pay,0
CUST-001618,8,102.31,830.59,2,311,two_year,credit_card,0
CUST-001619,72,110.21,8109.51,0,362,two_year,auto_pay,0
CUST-001620,19,107.75,2184.66,2,239,one_year,mailed_check,0
CUST-001621,0,115.96,0.0,2,74,monthly,credit_card,1
CUST-001622,67,42.83,2711.04,3,199,monthly,mailed_check,0
CUST-001623,1,113.18,107.79,2,395,two_year,credit_card,0
CUST-001624,40,77.12,2838.53,0,54,monthly,auto_pay,0
CUST-001625,72,62.25,4693.48,1,360,two_year,bank_transfer,0
CUST-001626,42,76.04,2941.98,4,199,one_year,auto_pay,0
CUST-001627,42,54.26,2327.15,2,11,monthly,mailed_check,0
CUST-001628,28,48.86,1394.61,1,350,monthly,mailed_check,0
CUST-001629,9,44.13,419.85,0,23,one_year,mailed_check,1
CUST-001630,41,28.24,1059.34,0,191,monthly,mailed_check,1
CUST-001631,65,69.66,4258.86,0,105,monthly,bank_transfer,0
CUST-001632,6,108.78,706.14,2,296,one_year,bank_transfer,1
CUST-001633,64,83.02,5390.04,3,37,monthly,auto_pay,0
CUST-001634,30,72.1,2144.7,5,54,monthly,credit_card,1
CUST-001635,39,62.86,2572.98,3,270,one_year,auto_pay,0
CUST-001636,12,66.44,861.47,0,497,one_year,auto_pay,0
CUST-001637,45,40.93,1754.55,1,29,monthly,mailed_check,0
CUST-001638,13,102.29,1436.54,1,235,two_year,credit_card,1
CUST-001639,19,39.84,697.72,1,403,two_year,credit_card,0
CUST-001640,52,91.66,5221.68,2,152,monthly,credit_card,0
CUST-001641,3,96.0,268.7,0,251,monthly,auto_pay,1
CUST-001642,32,77.49,2363.75,3,420,one_year,auto_pay,0
CUST-001643,43,106.29,4201.72,1,366,monthly,auto_pay,1
CUST-001644,9,49.11,468.83,2,153,one_year,credit_card,0
CUST-001645,21,108.16,2491.33,2,377,one_year,bank_transfer,0
CUST-001646,25,92.94,2229.15,1,341,monthly,bank_transfer,0
CUST-001647,48,99.87,4626.57,0,258,one_year,credit_card,0
CUST-001648,71,86.46,5867.31,0,226,monthly,mailed_check,0
CUST-001649,61,104.63,5941.82,1,463,two_year,credit_card,0
CUST-001650,13,119.31,1640.2,4,438,monthly,auto_pay,1
CUST-001651,1,62.02,56.57,0,495,two_year,bank_transfer,0
CUST-001652,3,101.39,332.63,2,340,monthly,mailed_check,1
CUST-001653,43,94.46,4408.91,1,186,one_year,auto_pay,0
CUST-001654,11,65.29,663.38,1,63,two_year,bank_transfer,0
CUST-001655,16,112.69,1813.69,1,71,monthly,auto_pay,0
CUST-001656,61,59.44,3983.24,1,476,monthly,credit_card,0
CUST-001657,63,76.55,5162.76,0,187,one_year,credit_card,0
CUST-001658,61,30.59,1946.28,2,64,one_year,bank_transfer,0
CUST-001659,18,42.58,693.24,2,119,monthly,mailed_check,0
CUST-001660,45,104.07,4278.88,0,20,monthly,mailed_check,1
CUST-001661,44,59.66,2779.4,1,270,one_year,bank_transfer,0
CUST-001662,13,59.41,753.24,2,299,monthly,bank_transfer,0
CUST-001663,40,44.6,1844.1,3,195,one_year,mailed_check,0
CUST-001664,38,69.16,2753.8,0,374,monthly,auto_pay,1
CUST-001665,28,100.58,2772.41,1,245,monthly,credit_card,1
CUST-001666,54,109.52,5492.27,2,480,one_year,credit_card,0
CUST-001667,49,27.01,1293.5,1,383,monthly,mailed_check,0
CUST-001668,38,77.48,3162.73,4,46,two_year,mailed_check,0
CUST-001669,52,66.73,3352.73,3,144,one_year,mailed_check,0
CUST-001670,55,81.43,4086.9,0,379,monthly,credit_card,1
CUST-001671,41,64.73,2897.63,1,273,monthly,mailed_check,0
CUST-001672,19,59.86,1178.44,4,379,monthly,credit_card,0
CUST-001673,55,67.19,3725.65,1,174,one_year,mailed_check,0
CUST-001674,52,78.2,4334.06,1,28,one_year,mailed_check,0
CUST-001675,71,70.1,4888.67,1,394,one_year,bank_transfer,1
CUST-001676,10,67.21,737.31,1,394,monthly,credit_card,1
CUST-001677,30,101.78,3271.76,1,323,monthly,auto_pay,0
CUST-001678,67,94.56,6057.45,2,208,monthly,credit_card,0
CUST-001679,37,54.14,1951.52,0,14,one_year,auto_pay,0
CUST-001680,68,100.06,6498.91,3,366,monthly,bank_transfer,0
CUST-001681,0,105.37,0.0,3,333,monthly,bank_transfer,1
CUST-001682,2,35.35,72.67,1,337,monthly,mailed_check,1
CUST-001683,58,78.27,4560.09,1,93,monthly,mailed_check,0
CUST-001684,26,48.53,1379.34,4,368,one_year,bank_transfer,0
CUST-001685,37,93.92,3455.77,2,364,one_year,bank_transfer,0
CUST-001686,31,43.88,1437.47,2,430,two_year,mailed_check,0
CUST-001687,29,87.14,2606.96,1,287,monthly,bank_transfer,0
CUST-001688,68,45.51,3105.94,1,368,one_year,credit_card,0
CUST-001689,6,71.11,387.59,1,206,monthly,mailed_check,1
CUST-001690,56,114.86,6634.77,0,351,one_year,mailed_check,0
CUST-001691,64,58.13,3826.42,3,350,one_year,bank_transfer,0
CUST-001692,47,107.57,4676.48,2,391,monthly,credit_card,0
CUST-001693,28,118.69,3520.0,3,429,one_year,credit_card,0
CUST-001694,11,107.49,1174.58,5,11,monthly,auto_pay,1
CUST-001695,49,36.59,1729.85,1,391,monthly,bank_transfer,0
CUST-001696,34,101.97,3691.61,0,398,monthly,auto_pay,0
CUST-001697,10,23.21,224.83,2,277,monthly,mailed_check,1
CUST-001698,26,59.33,1580.17,3,264,two_year,credit_card,0
CUST-001699,70,107.07,7671.65,0,364,one_year,mailed_check,0
CUST-001700,19,88.88,1537.68,1,233,one_year,credit_card,0
CUST-001701,13,73.27,937.81,2,212,two_year,credit_card,0
CUST-001702,49,58.79,2720.99,2,403,one_year,auto_pay,0
CUST-001703,14,101.23,1332.07,0,396,monthly,auto_pay,0
CUST-001704,67,90.96,6283.2,3,111,monthly,mailed_check,0
CUST-001705,62,66.84,3739.13,2,416,monthly,auto_pay,0
CUST-001706,71,109.25,8484.46,0,169,two_year,bank_transfer,0
CUST-001707,66,42.99,2777.98,1,77,two_year,auto_pay,0
CUST-001708,17,37.04,604.34,1,440,one_year,mailed_check,0
CUST-001709,15,84.28,1370.39,2,126,monthly,auto_pay,1
CUST-001710,25,117.2,2922.19,2,109,monthly,bank_transfer,1
CUST-001711,34,44.73,1555.59,1,142,two_year,mailed_check,0
CUST-001712,64,44.97,2990.81,3,250,monthly,bank_transfer,0
CUST-001713,53,33.95,1933.01,1,91,one_year,bank_transfer,0
CUST-001714,47,106.06,4615.69,3,88,monthly,bank_transfer,1
CUST-001715,64,42.64,2500.63,0,202,monthly,bank_transfer,1
CUST-001716,47,70.32,3631.39,0,116,one_year,credit_card,0
CUST-001717,27,119.09,2899.6,3,104,two_year,auto_pay,0
CUST-001718,30,21.21,662.79,2,456,one_year,auto_pay,0
CUST-001719,37,75.65,2861.23,2,301,monthly,bank_transfer,1
CUST-001720,6,71.23,431.87,0,16,monthly,mailed_check,1
CUST-001721,54,100.74,5750.94,0,59,two_year,bank_transfer,0
CUST-001722,47,55.53,2866.97,0,408,one_year,bank_transfer,0
CUST-001723,53,61.03,2941.46,1,142,monthly,credit_card,0
CUST-001724,38,36.79,1430.04,1,84,one_year,mailed_check,0
CUST-001725,57,94.08,5595.06,0,336,monthly,credit_card,0
CUST-001726,69,98.47,6530.72,1,420,monthly,credit_card,0
CUST-001727,41,33.67,1488.94,2,205,two_year,mailed_check,0
CUST-001728,32,59.35,1882.86,0,374,one_year,auto_pay,0
CUST-001729,7,109.29,713.69,2,216,monthly,credit_card,1
CUST-001730,56,20.27,1215.58,2,63,monthly,bank_transfer,0
CUST-001731,65,49.88,3529.41,2,400,two_year,auto_pay,0
CUST-001732,51,75.5,3542.09,5,460,one_year,credit_card,1
CUST-001733,63,53.41,3534.2,3,492,one_year,mailed_check,0
CUST-001734,62,47.2,2759.6,3,59,monthly,auto_pay,1
CUST-001735,58,66.0,3450.35,3,286,two_year,credit_card,0
CUST-001736,36,38.15,1307.65,3,315,two_year,auto_pay,0
CUST-001737,7,72.96,546.97,1,48,monthly,credit_card,1
CUST-001738,0,90.67,0.0,1,476,monthly,auto_pay,1
CUST-001739,14,77.53,1005.24,4,60,one_year,bank_transfer,0
CUST-001740,31,29.31,952.05,1,141,one_year,credit_card,0
CUST-001741,54,104.44,5534.14,2,484,one_year,auto_pay,0
CUST-001742,33,37.5,1150.5,3,282,two_year,bank_transfer,0
CUST-001743,1,96.48,91.27,0,342,one_year,bank_transfer,1
CUST-001744,15,56.06,890.45,0,251,monthly,mailed_check,0
CUST-001745,71,98.28,7149.91,3,378,monthly,auto_pay,0
CUST-001746,72,40.63,3078.02,1,49,one_year,bank_transfer,0
CUST-001747,27,38.67,960.1,1,341,monthly,credit_card,0
CUST-001748,58,69.7,4008.73,1,42,monthly,auto_pay,0
CUST-001749,52,23.29,1283.04,3,98,one_year,credit_card,0
CUST-001750,67,42.53,2716.03,3,258,monthly,mailed_check,0
CUST-001751,64,92.4,5522.34,2,229,one_year,credit_card,0
CUST-001752,45,103.74,4557.93,1,84,monthly,auto_pay,0
CUST-001753,28,28.08,760.04,1,401,monthly,bank_transfer,0
CUST-001754,45,108.21,4563.14,1,157,monthly,auto_pay,0
CUST-001755,23,99.75,2502.54,1,434,one_year,bank_transfer,0
CUST-001756,25,106.97,2665.21,1,17,one_year,credit_card,0
CUST-001757,44,89.84,4038.4,0,126,monthly,mailed_check,0
CUST-001758,41,87.42,3312.61,3,155,monthly,mailed_check,1
CUST-001759,42,72.51,3112.44,0,302,monthly,credit_card,1
CUST-001760,28,85.28,2414.26,0,206,one_year,credit_card,0
CUST-001761,29,111.91,3525.75,3,86,two_year,auto_pay,1
CUST-001762,0,30.05,0.0,2,289,one_year,mailed_check,0
CUST-001763,43,51.58,2343.06,1,479,monthly,auto_pay,0
CUST-001764,42,27.25,1099.68,2,75,one_year,credit_card,0
CUST-001765,68,114.48,7907.54,3,133,monthly,auto_pay,0
CUST-001766,36,64.53,2521.46,0,244,monthly,bank_transfer,1
CUST-001767,34,87.53,3050.46,2,366,monthly,auto_pay,0
CUST-001768,4,104.11,434.03,1,76,monthly,bank_transfer,1
CUST-001769,14,119.1,1792.78,1,123,monthly,credit_card,0
CUST-001770,24,36.18,942.2,1,125,one_year,credit_card,0
CUST-001771,27,99.95,2541.2,1,311,monthly,auto_pay,1
CUST-001772,26,108.74,2655.25,0,50,one_year,auto_pay,0
CUST-001773,28,24.89,703.96,0,333,two_year,bank_transfer,0
CUST-001774,56,95.41,5872.46,3,218,one_year,credit_card,0
CUST-001775,9,55.47,498.25,1,170,monthly,mailed_check,0
CUST-001776,24,84.86,1967.76,1,432,one_year,credit_card,0
CUST-001777,11,71.4,791.25,4,411,monthly,credit_card,0
CUST-001778,22,45.97,923.23,0,403,monthly,bank_transfer,1
CUST-001779,49,33.52,1536.44,0,443,monthly,auto_pay,0
CUST-001780,3,31.69,88.39,3,124,one_year,mailed_check,0
CUST-001781,24,30.33,659.19,3,428,one_year,auto_pay,0
CUST-001782,1,83.78,87.5,0,96,one_year,mailed_check,1
CUST-001783,69,55.14,3671.86,0,172,one_year,auto_pay,0
CUST-001784,53,41.66,2061.61,2,282,monthly,mailed_check,0
CUST-001785,17,89.19,1519.94,1,374,one_year,credit_card,1
CUST-001786,14,88.68,1197.68,1,293,two_year,credit_card,0
CUST-001787,7,73.92,506.37,0,284,monthly,auto_pay,1
CUST-001788,34,113.5,3716.63,2,194,two_year,mailed_check,1
CUST-001789,55,58.54,2900.3,0,300,two_year,auto_pay,0
CUST-001790,42,103.59,4514.66,1,242,monthly,bank_transfer,0
CUST-001791,64,27.51,1623.55,0,243,monthly,bank_transfer,0
CUST-001792,25,93.98,2217.53,0,297,monthly,credit_card,1
CUST-001793,20,118.84,2229.59,3,304,one_year,bank_transfer,1
CUST-001794,34,104.66,3438.43,3,171,monthly,auto_pay,0
CUST-001795,14,77.97,1017.4,1,76,monthly,credit_card,0
CUST-001796,71,82.68,5690.59,2,156,one_year,bank_transfer,0
CUST-001797,13,55.33,682.36,3,210,two_year,bank_transfer,0
CUST-001798,34,87.95,2727.88,2,88,one_year,bank_transfer,0
CUST-001799,38,97.04,3960.81,3,97,one_year,mailed_check,1
CUST-001800,4,119.82,460.64,2,475,monthly,mailed_check,0
CUST-001801,34,69.25,2163.92,0,147,monthly,bank_transfer,0
CUST-001802,33,26.13,866.0,0,372,one_year,mailed_check,0
CUST-001803,18,79.59,1324.68,1,72,monthly,auto_pay,1
CUST-001804,9,31.9,302.78,1,486,one_year,mailed_check,0
CUST-001805,3,44.48,121.74,1,114,two_year,auto_pay,0
CUST-001806,0,52.88,0.0,4,202,one_year,auto_pay,1
CUST-001807,35,93.1,3547.74,0,393,one_year,auto_pay,0
CUST-001808,6,38.38,214.57,0,108,one_year,bank_transfer,0
CUST-001809,70,36.58,2407.66,1,279,one_year,auto_pay,0
CUST-001810,17,24.5,424.87,1,394,monthly,auto_pay,0
CUST-001811,47,107.32,5528.12,4,21,monthly,auto_pay,0
CUST-001812,49,89.35,4278.18,0,22,monthly,credit_card,0
CUST-001813,36,23.99,889.32,2,396,one_year,auto_pay,0
CUST-001814,64,22.83,1359.52,2,138,monthly,auto_pay,0
CUST-001815,8,75.87,624.12,1,455,monthly,credit_card,1
CUST-001816,17,48.25,779.67,4,464,one_year,mailed_check,1
CUST-001817,18,79.67,1466.55,0,441,monthly,mailed_check,0
CUST-001818,9,63.46,524.15,2,498,one_year,auto_pay,0
CUST-001819,21,112.33,2370.71,0,413,monthly,mailed_check,1
CUST-001820,22,48.78,1016.8,2,197,monthly,mailed_check,0
CUST-001821,55,87.91,5010.76,0,496,monthly,bank_transfer,1
CUST-001822,22,25.41,586.71,0,179,monthly,mailed_check,1
CUST-001823,63,115.59,7789.22,2,297,two_year,mailed_check,0
CUST-001824,56,118.08,7263.67,2,12,two_year,credit_card,0
CUST-001825,65,93.91,6054.53,1,481,one_year,mailed_check,0
CUST-001826,7,66.52,481.53,1,300,one_year,credit_card,0
CUST-001827,71,42.0,2694.79,2,474,one_year,bank_transfer,0
CUST-001828,44,101.25,4815.93,3,182,two_year,mailed_check,1
CUST-001829,71,93.64,6802.34,1,163,monthly,auto_pay,0
CUST-001830,25,42.2,1038.4,0,265,monthly,bank_transfer,0
CUST-001831,69,65.12,4434.25,0,433,one_year,auto_pay,0
CUST-001832,42,66.28,2927.4,0,278,two_year,credit_card,0
CUST-001833,5,102.64,547.43,3,398,monthly,credit_card,0
CUST-001834,29,88.38,2720.85,2,115,monthly,mailed_check,1
CUST-001835,10,84.32,844.98,2,390,monthly,credit_card,1
CUST-001836,68,84.98,5629.72,2,368,monthly,mailed_check,1
CUST-001837,22,47.05,1127.34,2,449,one_year,bank_transfer,0
CUST-001838,16,57.17,939.27,4,38,monthly,credit_card,1
CUST-001839,40,24.57,991.38,1,198,two_year,mailed_check,0
CUST-001840,31,98.69,3119.55,3,53,one_year,credit_card,0
CUST-001841,7,63.3,454.61,2,206,monthly,bank_transfer,0
CUST-001842,59,63.82,3925.84,0,381,one_year,credit_card,0
CUST-001843,61,44.54,2745.84,1,323,one_year,mailed_check,0
CUST-001844,54,40.94,2376.72,0,378,monthly,bank_transfer,0
CUST-001845,45,78.78,3800.14,0,371,monthly,auto_pay,0
CUST-001846,29,43.26,1240.05,1,496,one_year,credit_card,0
CUST-001847,39,26.42,962.07,2,441,monthly,auto_pay,0
CUST-001848,38,96.75,3732.86,0,297,monthly,auto_pay,0
CUST-001849,12,57.65,708.51,0,439,monthly,bank_transfer,0
CUST-001850,5,58.02,291.46,1,33,monthly,mailed_check,0
CUST-001851,18,63.13,1225.11,2,363,one_year,bank_transfer,0
CUST-001852,33,101.5,3076.86,1,265,monthly,auto_pay,0
CUST-001853,11,52.08,548.52,2,478,one_year,credit_card,0
CUST-001854,7,95.8,719.66,3,256,monthly,mailed_check,1
CUST-001855,62,113.95,7685.78,1,97,one_year,credit_card,0
CUST-001856,27,86.09,2289.99,0,364,monthly,auto_pay,0
CUST-001857,42,63.17,2490.05,0,475,two_year,credit_card,0
CUST-001858,38,94.78,3544.25,2,17,two_year,credit_card,0
CUST-001859,53,65.79,3456.3,0,41,monthly,credit_card,0
CUST-001860,54,61.44,3330.75,2,334,one_year,mailed_check,1
CUST-001861,21,72.53,1454.39,4,282,monthly,credit_card,1
CUST-001862,61,51.77,3039.63,0,278,one_year,mailed_check,0
CUST-001863,27,30.43,847.18,1,54,one_year,auto_pay,0
CUST-001864,60,61.49,3779.27,1,290,monthly,credit_card,0
CUST-001865,29,32.39,969.76,5,288,monthly,bank_transfer,1
CUST-001866,8,61.04,476.34,1,426,monthly,bank_transfer,0
CUST-001867,55,75.69,4026.79,2,201,one_year,bank_transfer,0
CUST-001868,2,113.07,219.43,0,180,one_year,auto_pay,1
CUST-001869,56,23.62,1442.08,1,49,monthly,mailed_check,1
CUST-001870,3,82.15,241.29,1,287,monthly,mailed_check,1
CUST-001871,15,65.77,1007.49,2,327,monthly,auto_pay,0
CUST-001872,44,22.03,973.75,0,147,one_year,mailed_check,0
CUST-001873,68,44.95,3286.59,3,368,monthly,mailed_check,0
CUST-001874,29,31.85,899.47,5,469,monthly,credit_card,0
CUST-001875,8,41.68,329.05,2,95,two_year,auto_pay,0
CUST-001876,17,47.46,862.13,6,290,monthly,mailed_check,0
CUST-001877,65,60.13,3643.42,0,350,one_year,credit_card,0
CUST-001878,53,72.9,3936.57,2,19,monthly,auto_pay,0
CUST-001879,7,20.1,137.88,2,97,monthly,mailed_check,1
CUST-001880,28,36.19,1111.77,2,203,one_year,bank_transfer,0
CUST-001881,19,29.36,582.54,3,77,monthly,mailed_check,0
CUST-001882,12,74.97,811.58,1,184,monthly,mailed_check,1
CUST-001883,61,52.91,3446.64,0,82,two_year,auto_pay,0
CUST-001884,45,74.84,3504.65,1,449,two_year,auto_pay,0
CUST-001885,13,42.18,555.03,2,303,one_year,auto_pay,1
CUST-001886,47,22.42,998.13,4,171,monthly,bank_transfer,0
CUST-001887,30,114.14,3184.04,0,391,monthly,bank_transfer,0
CUST-001888,4,30.83,126.49,0,19,monthly,auto_pay,1
CUST-001889,32,32.69,1033.51,3,302,two_year,bank_transfer,0
CUST-001890,13,34.65,483.03,0,344,one_year,mailed_check,1
CUST-001891,17,118.13,1912.77,2,406,monthly,mailed_check,0
CUST-001892,64,81.77,5377.22,1,118,two_year,bank_transfer,0
CUST-001893,51,81.03,3924.95,0,299,monthly,auto_pay,0
CUST-001894,9,118.67,1097.15,1,386,one_year,credit_card,1
CUST-001895,62,28.84,1626.56,2,400,monthly,credit_card,0
CUST-001896,41,117.45,4711.15,1,96,monthly,bank_transfer,1
CUST-001897,63,40.4,2378.58,0,488,two_year,credit_card,0
CUST-001898,54,82.31,4538.91,3,144,two_year,mailed_check,0
CUST-001899,24,62.01,1433.69,3,201,monthly,credit_card,0
CUST-001900,39,58.4,2401.29,1,104,monthly,bank_transfer,0
CUST-001901,38,113.12,3967.22,2,83,one_year,bank_transfer,0
CUST-001902,52,34.92,1836.25,3,135,monthly,credit_card,1
CUST-001903,18,119.71,2195.15,2,76,one_year,bank_transfer,1
CUST-001904,24,57.91,1257.0,1,369,one_year,auto_pay,0
CUST-001905,17,84.88,1309.05,6,302,monthly,mailed_check,0
CUST-001906,21,116.79,2358.53,0,201,monthly,credit_card,0
CUST-001907,11,25.76,289.54,3,278,monthly,credit_card,1
CUST-001908,2,112.29,245.36,1,306,two_year,bank_transfer,0
CUST-001909,68,76.78,4793.73,1,100,monthly,bank_transfer,0
CUST-001910,5,90.44,470.57,1,155,one_year,mailed_check,0
CUST-001911,64,34.92,2321.02,1,442,monthly,credit_card,0
CUST-001912,0,73.34,0.0,1,15,one_year,bank_transfer,1
CUST-001913,56,87.35,4907.4,1,478,monthly,auto_pay,0
CUST-001914,23,65.62,1650.17,2,482,monthly,bank_transfer,1
CUST-001915,37,35.5,1313.97,1,134,one_year,auto_pay,0
CUST-001916,20,44.41,948.3,0,167,one_year,mailed_check,0
CUST-001917,35,105.44,3515.12,1,111,monthly,auto_pay,0
CUST-001918,32,23.45,796.37,3,284,monthly,bank_transfer,1
CUST-001919,38,90.89,3796.82,1,114,two_year,mailed_check,0
CUST-001920,28,119.94,3633.76,0,397,monthly,mailed_check,0
CUST-001921,39,20.75,777.54,3,199,monthly,mailed_check,0
CUST-001922,60,36.1,2315.96,0,484,monthly,credit_card,0
CUST-001923,31,87.41,2490.36,1,428,monthly,mailed_check,0
CUST-001924,26,26.0,700.03,2,206,one_year,mailed_check,0
CUST-001925,9,78.98,688.38,0,302,one_year,mailed_check,0
CUST-001926,26,88.4,2371.34,1,21,monthly,auto_pay,1
CUST-001927,9,78.81,696.84,0,43,one_year,bank_transfer,0
CUST-001928,13,56.52,662.61,2,257,monthly,auto_pay,1
CUST-001929,69,89.73,5858.62,1,241,one_year,auto_pay,0
CUST-001930,6,79.43,432.96,2,205,monthly,mailed_check,1
CUST-001931,35,40.76,1405.85,0,54,monthly,bank_transfer,1
CUST-001932,60,76.31,4890.01,2,421,one_year,auto_pay,0
CUST-001933,69,108.19,7820.44,4,209,monthly,mailed_check,0
CUST-001934,10,86.68,916.89,1,240,monthly,mailed_check,0
CUST-001935,11,67.18,784.38,2,207,monthly,credit_card,1
CUST-001936,27,52.16,1372.25,4,253,one_year,mailed_check,1
CUST-001937,40,28.59,1144.98,0,327,monthly,credit_card,1
CUST-001938,70,44.46,3117.46,1,384,one_year,mailed_check,0
CUST-001939,15,21.12,292.29,2,279,one_year,credit_card,0
CUST-001940,12,118.66,1451.87,1,91,one_year,credit_card,0
CUST-001941,18,42.25,793.99,0,438,monthly,auto_pay,0
CUST-001942,63,101.49,6535.77,3,149,one_year,auto_pay,0
CUST-001943,2,36.86,77.35,0,17,monthly,auto_pay,1
CUST-001944,27,48.36,1206.2,0,29,two_year,bank_transfer,0
CUST-001945,8,61.83,520.5,0,389,one_year,credit_card,0
CUST-001946,11,52.44,543.17,3,199,monthly,auto_pay,1
CUST-001947,66,99.84,7086.06,1,21,one_year,auto_pay,1
CUST-001948,0,115.77,0.0,2,407,monthly,auto_pay,0
CUST-001949,23,107.53,2469.23,1,159,monthly,bank_transfer,1
CUST-001950,66,35.36,2327.82,3,489,monthly,mailed_check,0
CUST-001951,44,97.67,4098.81,1,441,one_year,mailed_check,0
CUST-001952,5,34.79,169.14,2,33,one_year,credit_card,0
CUST-001953,33,111.34,3443.18,2,348,two_year,credit_card,1
CUST-001954,70,71.79,5095.76,1,305,monthly,credit_card,0
CUST-001955,29,53.64,1684.06,1,94,one_year,credit_card,0
CUST-001956,38,35.7,1306.84,0,178,one_year,auto_pay,0
CUST-001957,38,21.18,806.14,2,250,one_year,auto_pay,0
CUST-001958,48,44.79,2305.52,0,81,monthly,bank_transfer,1
CUST-001959,13,111.4,1434.44,2,363,monthly,auto_pay,1
CUST-001960,61,99.73,6486.58,1,145,one_year,mailed_check,0
CUST-001961,72,116.98,8332.25,0,469,monthly,mailed_check,0
CUST-001962,10,30.08,297.2,2,402,monthly,bank_transfer,0
CUST-001963,59,79.22,4353.57,1,320,monthly,auto_pay,0
CUST-001964,59,45.72,2495.16,3,68,monthly,auto_pay,0
CUST-001965,54,74.29,4101.12,2,22,monthly,mailed_check,0
CUST-001966,27,52.05,1497.35,2,81,monthly,mailed_check,0
CUST-001967,34,48.35,1524.03,1,254,one_year,bank_transfer,0
CUST-001968,61,77.38,5107.32,1,392,two_year,mailed_check,0
CUST-001969,11,38.33,409.73,2,84,monthly,bank_transfer,1
CUST-001970,60,66.91,3954.59,2,356,monthly,mailed_check,1
CUST-001971,67,85.08,6150.07,1,33,one_year,mailed_check,0
CUST-001972,49,32.82,1735.64,2,140,monthly,mailed_check,0
CUST-001973,24,113.06,2726.93,1,303,two_year,credit_card,1
CUST-001974,40,70.57,2696.77,1,415,one_year,credit_card,0
CUST-001975,3,101.95,285.78,1,390,monthly,mailed_check,0
CUST-001976,68,85.39,5541.25,1,270,monthly,credit_card,1
CUST-001977,24,91.0,2306.58,3,27,monthly,credit_card,0
CUST-001978,4,91.61,353.58,1,153,one_year,bank_transfer,1
CUST-001979,57,107.51,6366.53,1,393,monthly,bank_transfer,0
CUST-001980,48,81.36,3667.21,1,49,two_year,credit_card,0
CUST-001981,45,47.82,2142.65,2,356,one_year,credit_card,0
CUST-001982,3,29.95,87.19,0,354,two_year,bank_transfer,0
CUST-001983,54,80.63,4357.17,2,378,two_year,auto_pay,0
CUST-001984,46,26.64,1242.58,0,116,monthly,auto_pay,0
CUST-001985,57,44.13,2762.39,0,129,monthly,mailed_check,1
CUST-001986,60,26.07,1689.3,2,107,one_year,mailed_check,0
CUST-001987,15,74.89,1167.36,0,202,monthly,credit_card,1
CUST-001988,15,36.03,503.02,1,266,monthly,auto_pay,0
CUST-001989,67,81.04,5884.72,1,68,monthly,credit_card,0
CUST-001990,38,99.09,4061.07,4,288,monthly,bank_transfer,0
CUST-001991,31,102.19,3412.9,0,127,two_year,bank_transfer,0
CUST-001992,20,50.95,1014.72,2,285,monthly,auto_pay,1
CUST-001993,46,74.9,3218.49,1,158,one_year,bank_transfer,0
CUST-001994,55,76.3,4410.02,0,477,two_year,mailed_check,0
CUST-001995,0,67.29,0.0,4,166,monthly,bank_transfer,1
CUST-001996,40,85.51,3314.07,0,436,one_year,mailed_check,0
CUST-001997,72,41.01,2888.22,2,95,monthly,mailed_check,0
CUST-001998,20,117.92,2386.26,0,51,monthly,auto_pay,0
CUST-001999,20,29.81,576.35,2,102,monthly,credit_card,0
